strategy,run,example_id,level,language,actual,pred1,pred2,top1_correct,top2_correct,reciprocal_rank,correct_position,processing_time_s,detection_success,loc,chars,tokens,detected_count,gt_detected_anywhere,all_detected_types
single_agent,run_1,SRP_1,EASY,JAVA,SRP,SRP,OCP,True,True,1.0,1,4.32,True,17.0,409.0,85.0,,,
single_agent,run_1,SRP_2,EASY,JAVA,SRP,SRP,OCP,True,True,1.0,1,2.32,True,19.0,534.0,96.0,,,
single_agent,run_1,SRP_3,EASY,JAVA,SRP,SRP,OCP,True,True,1.0,1,2.7,True,21.0,569.0,122.0,,,
single_agent,run_1,SRP_4,EASY,JAVA,SRP,SRP,OCP,True,True,1.0,1,2.24,True,17.0,416.0,86.0,,,
single_agent,run_1,SRP_5,MODERATE,JAVA,SRP,SRP,DIP,True,True,1.0,1,2.76,True,168.0,4688.0,922.0,,,
single_agent,run_1,SRP_6,MODERATE,JAVA,SRP,SRP,OCP,True,True,1.0,1,3.26,True,256.0,7899.0,1471.0,,,
single_agent,run_1,SRP_7,MODERATE,JAVA,SRP,SRP,DIP,True,True,1.0,1,3.17,True,185.0,6117.0,1510.0,,,
single_agent,run_1,SRP_8,MODERATE,JAVA,SRP,SRP,DIP,True,True,1.0,1,2.83,True,124.0,4615.0,906.0,,,
single_agent,run_1,SRP_9,HARD,JAVA,SRP,SRP,DIP,True,True,1.0,1,3.83,True,370.0,12738.0,2568.0,,,
single_agent,run_1,SRP_10,HARD,JAVA,SRP,SRP,DIP,True,True,1.0,1,3.94,True,337.0,13357.0,2597.0,,,
single_agent,run_1,SRP_11,HARD,JAVA,SRP,SRP,OCP,True,True,1.0,1,4.31,True,330.0,12494.0,2630.0,,,
single_agent,run_1,SRP_12,HARD,JAVA,SRP,SRP,OCP,True,True,1.0,1,4.32,True,388.0,16985.0,3462.0,,,
single_agent,run_1,SRP_13,EASY,PYTHON,SRP,SRP,OCP,True,True,1.0,1,2.15,True,10.0,286.0,65.0,,,
single_agent,run_1,SRP_14,EASY,PYTHON,SRP,SRP,OCP,True,True,1.0,1,2.03,True,11.0,423.0,86.0,,,
single_agent,run_1,SRP_15,EASY,PYTHON,SRP,SRP,OCP,True,True,1.0,1,2.5,True,13.0,390.0,95.0,,,
single_agent,run_1,SRP_16,EASY,PYTHON,SRP,SRP,OCP,True,True,1.0,1,2.26,True,10.0,303.0,71.0,,,
single_agent,run_1,SRP_17,MODERATE,PYTHON,SRP,SRP,DIP,True,True,1.0,1,2.7,True,120.0,4007.0,858.0,,,
single_agent,run_1,SRP_18,MODERATE,PYTHON,SRP,SRP,OCP,True,True,1.0,1,3.34,True,195.0,7146.0,1440.0,,,
single_agent,run_1,SRP_19,MODERATE,PYTHON,SRP,SRP,DIP,True,True,1.0,1,3.04,True,167.0,5735.0,1427.0,,,
single_agent,run_1,SRP_20,MODERATE,PYTHON,SRP,SRP,DIP,True,True,1.0,1,2.74,True,89.0,3928.0,840.0,,,
single_agent,run_1,SRP_21,HARD,PYTHON,SRP,SRP,DIP,True,True,1.0,1,3.55,True,254.0,10438.0,2191.0,,,
single_agent,run_1,SRP_22,HARD,PYTHON,SRP,SRP,DIP,True,True,1.0,1,3.7,True,300.0,12992.0,2443.0,,,
single_agent,run_1,SRP_23,HARD,PYTHON,SRP,SRP,DIP,True,True,1.0,1,3.76,True,248.0,11175.0,2445.0,,,
single_agent,run_1,SRP_24,HARD,PYTHON,SRP,SRP,DIP,True,True,1.0,1,4.11,True,329.0,14413.0,2800.0,,,
single_agent,run_1,SRP_25,EASY,KOTLIN,SRP,SRP,OCP,True,True,1.0,1,2.06,True,10.0,229.0,49.0,,,
single_agent,run_1,SRP_26,EASY,KOTLIN,SRP,SRP,OCP,True,True,1.0,1,2.31,True,10.0,305.0,63.0,,,
single_agent,run_1,SRP_27,EASY,KOTLIN,SRP,SRP,OCP,True,True,1.0,1,2.13,True,12.0,330.0,75.0,,,
single_agent,run_1,SRP_28,EASY,KOTLIN,SRP,SRP,OCP,True,True,1.0,1,1.88,True,10.0,267.0,59.0,,,
single_agent,run_1,SRP_29,MODERATE,KOTLIN,SRP,SRP,DIP,True,True,1.0,1,2.77,True,116.0,3523.0,724.0,,,
single_agent,run_1,SRP_30,MODERATE,KOTLIN,SRP,SRP,OCP,True,True,1.0,1,3.21,True,179.0,6179.0,1174.0,,,
single_agent,run_1,SRP_31,MODERATE,KOTLIN,SRP,SRP,OCP,True,True,1.0,1,3.02,True,164.0,5372.0,1253.0,,,
single_agent,run_1,SRP_32,MODERATE,KOTLIN,SRP,SRP,DIP,True,True,1.0,1,2.76,True,102.0,3859.0,742.0,,,
single_agent,run_1,SRP_33,HARD,KOTLIN,SRP,SRP,DIP,True,True,1.0,1,3.75,True,286.0,9834.0,1910.0,,,
single_agent,run_1,SRP_34,HARD,KOTLIN,SRP,SRP,DIP,True,True,1.0,1,3.62,True,260.0,10479.0,1959.0,,,
single_agent,run_1,SRP_35,HARD,KOTLIN,SRP,SRP,DIP,True,True,1.0,1,3.68,True,285.0,10237.0,2089.0,,,
single_agent,run_1,SRP_36,HARD,KOTLIN,SRP,SRP,OCP,True,True,1.0,1,4.36,True,361.0,14620.0,2794.0,,,
single_agent,run_1,SRP_37,EASY,CSHARP,SRP,SRP,OCP,True,True,1.0,1,2.11,True,21.0,428.0,88.0,,,
single_agent,run_1,SRP_38,EASY,CSHARP,SRP,SRP,OCP,True,True,1.0,1,2.36,True,23.0,539.0,94.0,,,
single_agent,run_1,SRP_39,EASY,CSHARP,SRP,SRP,OCP,True,True,1.0,1,2.83,True,25.0,577.0,122.0,,,
single_agent,run_1,SRP_40,EASY,CSHARP,SRP,SRP,OCP,True,True,1.0,1,2.24,True,21.0,421.0,84.0,,,
single_agent,run_1,SRP_41,MODERATE,CSHARP,SRP,SRP,DIP,True,True,1.0,1,2.81,True,184.0,4448.0,842.0,,,
single_agent,run_1,SRP_42,MODERATE,CSHARP,SRP,SRP,OCP,True,True,1.0,1,3.21,True,289.0,7682.0,1387.0,,,
single_agent,run_1,SRP_43,MODERATE,CSHARP,SRP,SRP,DIP,True,True,1.0,1,3.23,True,218.0,5972.0,1368.0,,,
single_agent,run_1,SRP_44,MODERATE,CSHARP,SRP,SRP,DIP,True,True,1.0,1,2.71,True,149.0,4707.0,889.0,,,
single_agent,run_1,SRP_45,HARD,CSHARP,SRP,SRP,DIP,True,True,1.0,1,3.72,True,395.0,12158.0,2323.0,,,
single_agent,run_1,SRP_46,HARD,CSHARP,SRP,SRP,DIP,True,True,1.0,1,3.58,True,384.0,13000.0,2343.0,,,
single_agent,run_1,SRP_47,HARD,CSHARP,SRP,SRP,OCP,True,True,1.0,1,4.0,True,387.0,13890.0,2458.0,,,
single_agent,run_1,SRP_48,HARD,CSHARP,SRP,SRP,OCP,True,True,1.0,1,4.42,True,465.0,16946.0,3214.0,,,
single_agent,run_1,OCP_1,EASY,CSHARP,OCP,OCP,SRP,True,True,1.0,1,3.4,True,72.0,1235.0,237.0,,,
single_agent,run_1,OCP_2,EASY,CSHARP,OCP,OCP,SRP,True,True,1.0,1,3.06,True,50.0,1300.0,224.0,,,
single_agent,run_1,OCP_3,EASY,CSHARP,OCP,OCP,SRP,True,True,1.0,1,2.35,True,49.0,1004.0,202.0,,,
single_agent,run_1,OCP_4,EASY,CSHARP,OCP,OCP,SRP,True,True,1.0,1,3.01,True,53.0,1479.0,282.0,,,
single_agent,run_1,OCP_5,HARD,CSHARP,OCP,OCP,SRP,True,True,1.0,1,4.63,True,459.0,15744.0,3669.0,,,
single_agent,run_1,OCP_6,HARD,CSHARP,OCP,SRP,OCP,False,True,0.5,2,3.86,True,269.0,8599.0,2059.0,,,
single_agent,run_1,OCP_7,HARD,CSHARP,OCP,SRP,OCP,False,True,0.5,2,4.89,True,415.0,16149.0,3425.0,,,
single_agent,run_1,OCP_8,HARD,CSHARP,OCP,SRP,OCP,False,True,0.5,2,3.78,True,398.0,15864.0,3495.0,,,
single_agent,run_1,OCP_9,MODERATE,CSHARP,OCP,OCP,SRP,True,True,1.0,1,3.65,True,208.0,5450.0,1105.0,,,
single_agent,run_1,OCP_10,MODERATE,CSHARP,OCP,SRP,OCP,False,True,0.5,2,2.9,True,112.0,2563.0,537.0,,,
single_agent,run_1,OCP_11,MODERATE,CSHARP,OCP,SRP,OCP,False,True,0.5,2,3.75,True,305.0,9205.0,1844.0,,,
single_agent,run_1,OCP_12,MODERATE,CSHARP,OCP,SRP,OCP,False,True,0.5,2,3.51,True,216.0,10058.0,2191.0,,,
single_agent,run_1,OCP_13,EASY,JAVA,OCP,OCP,SRP,True,True,1.0,1,3.19,True,57.0,1210.0,234.0,,,
single_agent,run_1,OCP_14,EASY,JAVA,OCP,OCP,SRP,True,True,1.0,1,3.11,True,44.0,1316.0,230.0,,,
single_agent,run_1,OCP_15,EASY,JAVA,OCP,OCP,SRP,True,True,1.0,1,3.69,True,38.0,901.0,190.0,,,
single_agent,run_1,OCP_16,EASY,JAVA,OCP,OCP,SRP,True,True,1.0,1,2.78,True,32.0,1218.0,273.0,,,
single_agent,run_1,OCP_17,HARD,JAVA,OCP,OCP,SRP,True,True,1.0,1,4.22,True,433.0,15628.0,3615.0,,,
single_agent,run_1,OCP_18,HARD,JAVA,OCP,SRP,OCP,False,True,0.5,2,3.7,True,210.0,7259.0,1941.0,,,
single_agent,run_1,OCP_19,HARD,JAVA,OCP,SRP,OCP,False,True,0.5,2,4.55,True,414.0,14950.0,3226.0,,,
single_agent,run_1,OCP_20,HARD,JAVA,OCP,SRP,OCP,False,True,0.5,2,4.07,True,359.0,15513.0,3677.0,,,
single_agent,run_1,OCP_21,MODERATE,JAVA,OCP,OCP,SRP,True,True,1.0,1,3.59,True,177.0,5124.0,1093.0,,,
single_agent,run_1,OCP_22,MODERATE,JAVA,OCP,OCP,SRP,True,True,1.0,1,2.99,True,105.0,2985.0,644.0,,,
single_agent,run_1,OCP_23,MODERATE,JAVA,OCP,SRP,OCP,False,True,0.5,2,4.73,True,281.0,9648.0,1921.0,,,
single_agent,run_1,OCP_24,MODERATE,JAVA,OCP,SRP,OCP,False,True,0.5,2,3.48,True,215.0,8998.0,2053.0,,,
single_agent,run_1,OCP_25,EASY,KOTLIN,OCP,SRP,OCP,False,True,0.5,2,3.1,True,32.0,715.0,156.0,,,
single_agent,run_1,OCP_26,EASY,KOTLIN,OCP,OCP,SRP,True,True,1.0,1,2.83,True,27.0,642.0,114.0,,,
single_agent,run_1,OCP_27,EASY,KOTLIN,OCP,OCP,SRP,True,True,1.0,1,2.68,True,29.0,561.0,121.0,,,
single_agent,run_1,OCP_28,EASY,KOTLIN,OCP,OCP,SRP,True,True,1.0,1,3.05,True,26.0,722.0,161.0,,,
single_agent,run_1,OCP_29,HARD,KOTLIN,OCP,SRP,OCP,False,True,0.5,2,3.89,True,291.0,10683.0,2647.0,,,
single_agent,run_1,OCP_30,HARD,KOTLIN,OCP,SRP,OCP,False,True,0.5,2,3.39,True,159.0,5979.0,1652.0,,,
single_agent,run_1,OCP_31,HARD,KOTLIN,OCP,SRP,OCP,False,True,0.5,2,4.23,True,320.0,11420.0,2934.0,,,
single_agent,run_1,OCP_32,HARD,KOTLIN,OCP,SRP,OCP,False,True,0.5,2,4.18,True,287.0,11644.0,2946.0,,,
single_agent,run_1,OCP_33,MODERATE,KOTLIN,OCP,SRP,OCP,False,True,0.5,2,3.03,True,122.0,4047.0,951.0,,,
single_agent,run_1,OCP_34,MODERATE,KOTLIN,OCP,SRP,OCP,False,True,0.5,2,2.85,True,85.0,2208.0,510.0,,,
single_agent,run_1,OCP_35,MODERATE,KOTLIN,OCP,SRP,OCP,False,True,0.5,2,4.54,True,218.0,6916.0,1671.0,,,
single_agent,run_1,OCP_36,MODERATE,KOTLIN,OCP,SRP,OCP,False,True,0.5,2,3.69,True,185.0,6791.0,1556.0,,,
single_agent,run_1,OCP_37,EASY,PYTHON,OCP,OCP,SRP,True,True,1.0,1,2.43,True,41.0,935.0,194.0,,,
single_agent,run_1,OCP_38,EASY,PYTHON,OCP,OCP,SRP,True,True,1.0,1,2.65,True,39.0,1028.0,197.0,,,
single_agent,run_1,OCP_39,EASY,PYTHON,OCP,OCP,SRP,True,True,1.0,1,2.37,True,47.0,901.0,191.0,,,
single_agent,run_1,OCP_40,EASY,PYTHON,OCP,OCP,SRP,True,True,1.0,1,2.71,True,43.0,1098.0,247.0,,,
single_agent,run_1,OCP_41,HARD,PYTHON,OCP,OCP,SRP,True,True,1.0,1,4.11,True,375.0,11987.0,2980.0,,,
single_agent,run_1,OCP_42,HARD,PYTHON,OCP,SRP,OCP,False,True,0.5,2,3.6,True,263.0,7531.0,1970.0,,,
single_agent,run_1,OCP_43,HARD,PYTHON,OCP,SRP,OCP,False,True,0.5,2,4.16,True,317.0,11169.0,2855.0,,,
single_agent,run_1,OCP_44,HARD,PYTHON,OCP,SRP,OCP,False,True,0.5,2,4.17,True,281.0,11552.0,3174.0,,,
single_agent,run_1,OCP_45,MODERATE,PYTHON,OCP,OCP,SRP,True,True,1.0,1,3.15,True,155.0,4320.0,1040.0,,,
single_agent,run_1,OCP_46,MODERATE,PYTHON,OCP,SRP,OCP,False,True,0.5,2,2.93,True,104.0,2760.0,621.0,,,
single_agent,run_1,OCP_47,MODERATE,PYTHON,OCP,SRP,OCP,False,True,0.5,2,3.99,True,217.0,7648.0,1898.0,,,
single_agent,run_1,OCP_48,MODERATE,PYTHON,OCP,SRP,OCP,False,True,0.5,2,3.63,True,184.0,7522.0,1974.0,,,
single_agent,run_1,LSP_1,EASY,JAVA,LSP,LSP,OCP,True,True,1.0,1,2.82,True,25.0,481.0,103.0,,,
single_agent,run_1,LSP_2,EASY,PYTHON,LSP,LSP,OCP,True,True,1.0,1,2.61,True,15.0,309.0,76.0,,,
single_agent,run_1,LSP_3,EASY,KOTLIN,LSP,LSP,OCP,True,True,1.0,1,2.68,True,23.0,384.0,87.0,,,
single_agent,run_1,LSP_4,EASY,C#,LSP,LSP,OCP,True,True,1.0,1,2.86,True,31.0,473.0,98.0,,,
single_agent,run_1,LSP_5,MODERATE,JAVA,LSP,LSP,OCP,True,True,1.0,1,3.25,True,92.0,2277.0,439.0,,,
single_agent,run_1,LSP_6,MODERATE,PYTHON,LSP,LSP,SRP,True,True,1.0,1,2.77,True,67.0,1841.0,377.0,,,
single_agent,run_1,LSP_7,MODERATE,KOTLIN,LSP,LSP,OCP,True,True,1.0,1,3.29,True,58.0,1632.0,344.0,,,
single_agent,run_1,LSP_8,MODERATE,C#,LSP,LSP,SRP,True,True,1.0,1,2.84,True,93.0,2189.0,422.0,,,
single_agent,run_1,LSP_9,HARD,JAVA,LSP,SRP,OCP,False,False,0.0,0,3.27,False,233.0,7879.0,1520.0,,,
single_agent,run_1,LSP_10,HARD,PYTHON,LSP,SRP,OCP,False,False,0.0,0,3.21,False,230.0,7392.0,1436.0,,,
single_agent,run_1,LSP_11,HARD,KOTLIN,LSP,SRP,OCP,False,False,0.0,0,3.09,False,176.0,5663.0,1116.0,,,
single_agent,run_1,LSP_12,HARD,C#,LSP,SRP,OCP,False,False,0.0,0,3.26,False,253.0,7497.0,1397.0,,,
single_agent,run_1,LSP_13,EASY,JAVA,LSP,LSP,OCP,True,True,1.0,1,2.42,True,22.0,679.0,124.0,,,
single_agent,run_1,LSP_14,EASY,PYTHON,LSP,LSP,OCP,True,True,1.0,1,2.84,True,13.0,488.0,99.0,,,
single_agent,run_1,LSP_15,EASY,KOTLIN,LSP,LSP,OCP,True,True,1.0,1,2.78,True,20.0,582.0,108.0,,,
single_agent,run_1,LSP_16,EASY,C#,LSP,LSP,OCP,True,True,1.0,1,2.57,True,28.0,681.0,124.0,,,
single_agent,run_1,LSP_17,MODERATE,JAVA,LSP,SRP,OCP,False,False,0.0,0,2.55,False,111.0,3277.0,542.0,,,
single_agent,run_1,LSP_18,MODERATE,PYTHON,LSP,SRP,OCP,False,False,0.0,0,2.5,False,75.0,2418.0,422.0,,,
single_agent,run_1,LSP_19,MODERATE,KOTLIN,LSP,SRP,OCP,False,False,0.0,0,2.71,False,64.0,2369.0,429.0,,,
single_agent,run_1,LSP_20,MODERATE,C#,LSP,SRP,OCP,False,False,0.0,0,2.48,False,126.0,3434.0,551.0,,,
single_agent,run_1,LSP_21,HARD,JAVA,LSP,SRP,OCP,False,False,0.0,0,3.62,False,226.0,8552.0,1432.0,,,
single_agent,run_1,LSP_22,HARD,PYTHON,LSP,SRP,OCP,False,False,0.0,0,3.41,False,192.0,7006.0,1222.0,,,
single_agent,run_1,LSP_23,HARD,KOTLIN,LSP,SRP,OCP,False,False,0.0,0,3.5,False,249.0,8058.0,1313.0,,,
single_agent,run_1,LSP_24,HARD,C#,LSP,SRP,OCP,False,False,0.0,0,3.66,False,324.0,9455.0,1470.0,,,
single_agent,run_1,LSP_25,EASY,JAVA,LSP,SRP,OCP,False,False,0.0,0,2.31,False,35.0,952.0,148.0,,,
single_agent,run_1,LSP_26,EASY,PYTHON,LSP,SRP,DIP,False,False,0.0,0,2.34,False,24.0,762.0,153.0,,,
single_agent,run_1,LSP_27,EASY,KOTLIN,LSP,OCP,SRP,False,False,0.0,0,3.06,False,30.0,890.0,144.0,,,
single_agent,run_1,LSP_28,EASY,C#,LSP,SRP,OCP,False,False,0.0,0,2.57,False,42.0,1123.0,193.0,,,
single_agent,run_1,LSP_29,MODERATE,JAVA,LSP,SRP,DIP,False,False,0.0,0,2.9,False,114.0,3897.0,783.0,,,
single_agent,run_1,LSP_30,MODERATE,PYTHON,LSP,SRP,OCP,False,False,0.0,0,2.76,False,88.0,3657.0,722.0,,,
single_agent,run_1,LSP_31,MODERATE,KOTLIN,LSP,SRP,OCP,False,False,0.0,0,2.93,False,94.0,3503.0,622.0,,,
single_agent,run_1,LSP_32,MODERATE,C#,LSP,SRP,OCP,False,False,0.0,0,2.85,False,145.0,4433.0,776.0,,,
single_agent,run_1,LSP_33,HARD,JAVA,LSP,SRP,OCP,False,False,0.0,0,3.5,False,277.0,9959.0,1726.0,,,
single_agent,run_1,LSP_34,HARD,PYTHON,LSP,SRP,OCP,False,False,0.0,0,3.77,False,317.0,12199.0,1961.0,,,
single_agent,run_1,LSP_35,HARD,KOTLIN,LSP,SRP,OCP,False,False,0.0,0,3.47,False,358.0,12785.0,2019.0,,,
single_agent,run_1,LSP_36,HARD,C#,LSP,SRP,OCP,False,False,0.0,0,4.34,False,458.0,14758.0,2270.0,,,
single_agent,run_1,LSP_37,EASY,JAVA,LSP,LSP,OCP,True,True,1.0,1,2.9,True,38.0,855.0,161.0,,,
single_agent,run_1,LSP_38,EASY,PYTHON,LSP,LSP,SRP,True,True,1.0,1,3.17,True,33.0,740.0,149.0,,,
single_agent,run_1,LSP_39,EASY,KOTLIN,LSP,LSP,SRP,True,True,1.0,1,2.53,True,24.0,577.0,116.0,,,
single_agent,run_1,LSP_40,EASY,C#,LSP,LSP,OCP,True,True,1.0,1,2.76,True,42.0,864.0,159.0,,,
single_agent,run_1,LSP_41,MODERATE,JAVA,LSP,SRP,LSP,False,True,0.5,2,2.8,True,91.0,2684.0,511.0,,,
single_agent,run_1,LSP_42,MODERATE,PYTHON,LSP,SRP,OCP,False,False,0.0,0,2.58,False,82.0,2262.0,437.0,,,
single_agent,run_1,LSP_43,MODERATE,KOTLIN,LSP,SRP,LSP,False,True,0.5,2,2.63,True,71.0,2017.0,369.0,,,
single_agent,run_1,LSP_44,MODERATE,C#,LSP,SRP,LSP,False,True,0.5,2,2.74,True,112.0,2849.0,515.0,,,
single_agent,run_1,LSP_45,HARD,JAVA,LSP,SRP,LSP,False,True,0.5,2,3.44,True,212.0,8668.0,1509.0,,,
single_agent,run_1,LSP_46,HARD,PYTHON,LSP,SRP,OCP,False,False,0.0,0,2.97,False,164.0,6480.0,1225.0,,,
single_agent,run_1,LSP_47,HARD,KOTLIN,LSP,SRP,OCP,False,False,0.0,0,3.51,False,202.0,6693.0,1137.0,,,
single_agent,run_1,LSP_48,HARD,C#,LSP,SRP,OCP,False,False,0.0,0,3.41,False,272.0,8682.0,1487.0,,,
single_agent,run_1,ISP_1,EASY,CSHARP,ISP,LSP,ISP,False,True,0.5,2,2.98,True,89.0,1737.0,335.0,,,
single_agent,run_1,ISP_2,EASY,CSHARP,ISP,LSP,OCP,False,False,0.0,0,3.3,False,94.0,2055.0,397.0,,,
single_agent,run_1,ISP_3,EASY,CSHARP,ISP,SRP,ISP,False,True,0.5,2,3.3,True,63.0,1140.0,225.0,,,
single_agent,run_1,ISP_4,EASY,CSHARP,ISP,LSP,ISP,False,True,0.5,2,2.83,True,44.0,664.0,140.0,,,
single_agent,run_1,ISP_5,HARD,CSHARP,ISP,SRP,OCP,False,False,0.0,0,3.37,False,511.0,11621.0,2179.0,,,
single_agent,run_1,ISP_6,HARD,CSHARP,ISP,SRP,OCP,False,False,0.0,0,4.24,False,461.0,10993.0,2063.0,,,
single_agent,run_1,ISP_7,HARD,CSHARP,ISP,SRP,OCP,False,False,0.0,0,4.17,False,660.0,17075.0,3079.0,,,
single_agent,run_1,ISP_8,HARD,CSHARP,ISP,SRP,OCP,False,False,0.0,0,4.52,False,473.0,10539.0,1842.0,,,
single_agent,run_1,ISP_9,MODERATE,CSHARP,ISP,SRP,OCP,False,False,0.0,0,3.21,False,287.0,6316.0,1191.0,,,
single_agent,run_1,ISP_10,MODERATE,CSHARP,ISP,SRP,OCP,False,False,0.0,0,4.13,False,259.0,6299.0,1201.0,,,
single_agent,run_1,ISP_11,MODERATE,CSHARP,ISP,SRP,ISP,False,True,0.5,2,3.46,True,149.0,2838.0,539.0,,,
single_agent,run_1,ISP_12,MODERATE,CSHARP,ISP,SRP,OCP,False,False,0.0,0,3.64,False,291.0,5721.0,1030.0,,,
single_agent,run_1,ISP_13,EASY,JAVA,ISP,LSP,ISP,False,True,0.5,2,3.0,True,77.0,1793.0,362.0,,,
single_agent,run_1,ISP_14,EASY,JAVA,ISP,LSP,OCP,False,False,0.0,0,3.03,False,88.0,2183.0,430.0,,,
single_agent,run_1,ISP_15,EASY,JAVA,ISP,ISP,SRP,True,True,1.0,1,2.88,True,48.0,1121.0,240.0,,,
single_agent,run_1,ISP_16,EASY,JAVA,ISP,LSP,ISP,False,True,0.5,2,2.89,True,34.0,654.0,147.0,,,
single_agent,run_1,ISP_17,HARD,JAVA,ISP,SRP,OCP,False,False,0.0,0,3.58,False,416.0,11445.0,2334.0,,,
single_agent,run_1,ISP_18,HARD,JAVA,ISP,SRP,OCP,False,False,0.0,0,3.89,False,436.0,11756.0,2280.0,,,
single_agent,run_1,ISP_19,HARD,JAVA,ISP,SRP,OCP,False,False,0.0,0,4.05,False,482.0,15667.0,3266.0,,,
single_agent,run_1,ISP_20,HARD,JAVA,ISP,SRP,OCP,False,False,0.0,0,3.79,False,351.0,10063.0,1914.0,,,
single_agent,run_1,ISP_21,MODERATE,JAVA,ISP,SRP,OCP,False,False,0.0,0,3.19,False,226.0,6148.0,1278.0,,,
single_agent,run_1,ISP_22,MODERATE,JAVA,ISP,SRP,OCP,False,False,0.0,0,3.06,False,246.0,6487.0,1304.0,,,
single_agent,run_1,ISP_23,MODERATE,JAVA,ISP,SRP,OCP,False,False,0.0,0,3.12,False,113.0,2744.0,578.0,,,
single_agent,run_1,ISP_24,MODERATE,JAVA,ISP,SRP,OCP,False,False,0.0,0,3.29,False,220.0,5450.0,1074.0,,,
single_agent,run_1,ISP_25,EASY,KOTLIN,ISP,LSP,ISP,False,True,0.5,2,2.67,True,57.0,1378.0,271.0,,,
single_agent,run_1,ISP_26,EASY,KOTLIN,ISP,LSP,SRP,False,False,0.0,0,2.98,False,79.0,1898.0,342.0,,,
single_agent,run_1,ISP_27,EASY,KOTLIN,ISP,SRP,ISP,False,True,0.5,2,2.94,True,47.0,988.0,192.0,,,
single_agent,run_1,ISP_28,EASY,KOTLIN,ISP,LSP,ISP,False,True,0.5,2,2.78,True,34.0,571.0,117.0,,,
single_agent,run_1,ISP_29,HARD,KOTLIN,ISP,SRP,OCP,False,False,0.0,0,3.31,False,331.0,9289.0,1790.0,,,
single_agent,run_1,ISP_30,HARD,KOTLIN,ISP,SRP,LSP,False,False,0.0,0,3.68,False,371.0,9990.0,1827.0,,,
single_agent,run_1,ISP_31,HARD,KOTLIN,ISP,SRP,OCP,False,False,0.0,0,4.96,False,482.0,13948.0,2576.0,,,
single_agent,run_1,ISP_32,HARD,KOTLIN,ISP,SRP,OCP,False,False,0.0,0,4.37,False,310.0,8522.0,1485.0,,,
single_agent,run_1,ISP_33,MODERATE,KOTLIN,ISP,SRP,OCP,False,False,0.0,0,3.07,False,189.0,5219.0,977.0,,,
single_agent,run_1,ISP_34,MODERATE,KOTLIN,ISP,SRP,LSP,False,False,0.0,0,3.35,False,209.0,5799.0,1085.0,,,
single_agent,run_1,ISP_35,MODERATE,KOTLIN,ISP,SRP,ISP,False,True,0.5,2,3.05,True,112.0,2448.0,462.0,,,
single_agent,run_1,ISP_36,MODERATE,KOTLIN,ISP,SRP,OCP,False,False,0.0,0,3.56,False,166.0,4233.0,781.0,,,
single_agent,run_1,ISP_37,EASY,PYTHON,ISP,LSP,ISP,False,True,0.5,2,2.99,True,60.0,1516.0,327.0,,,
single_agent,run_1,ISP_38,EASY,PYTHON,ISP,LSP,ISP,False,True,0.5,2,3.26,True,81.0,2099.0,413.0,,,
single_agent,run_1,ISP_39,EASY,PYTHON,ISP,SRP,ISP,False,True,0.5,2,2.6,True,44.0,1045.0,206.0,,,
single_agent,run_1,ISP_40,EASY,PYTHON,ISP,LSP,ISP,False,True,0.5,2,2.56,True,34.0,629.0,134.0,,,
single_agent,run_1,ISP_41,HARD,PYTHON,ISP,SRP,OCP,False,False,0.0,0,3.47,False,328.0,9475.0,1983.0,,,
single_agent,run_1,ISP_42,HARD,PYTHON,ISP,SRP,LSP,False,False,0.0,0,3.97,False,357.0,10176.0,1938.0,,,
single_agent,run_1,ISP_43,HARD,PYTHON,ISP,SRP,OCP,False,False,0.0,0,4.01,False,425.0,13827.0,2633.0,,,
single_agent,run_1,ISP_44,HARD,PYTHON,ISP,SRP,OCP,False,False,0.0,0,3.49,False,295.0,8947.0,1624.0,,,
single_agent,run_1,ISP_45,MODERATE,PYTHON,ISP,SRP,OCP,False,False,0.0,0,3.17,False,178.0,5209.0,1105.0,,,
single_agent,run_1,ISP_46,MODERATE,PYTHON,ISP,SRP,LSP,False,False,0.0,0,3.3,False,202.0,5849.0,1163.0,,,
single_agent,run_1,ISP_47,MODERATE,PYTHON,ISP,SRP,OCP,False,False,0.0,0,3.17,False,108.0,2625.0,505.0,,,
single_agent,run_1,ISP_48,MODERATE,PYTHON,ISP,SRP,OCP,False,False,0.0,0,2.8,False,177.0,4573.0,909.0,,,
single_agent,run_1,DIP_1,EASY,JAVA,DIP,SRP,DIP,False,True,0.5,2,2.26,True,23.0,593.0,121.0,,,
single_agent,run_1,DIP_2,EASY,PYTHON,DIP,SRP,DIP,False,True,0.5,2,2.28,True,15.0,441.0,100.0,,,
single_agent,run_1,DIP_3,EASY,KOTLIN,DIP,SRP,DIP,False,True,0.5,2,2.24,True,19.0,441.0,90.0,,,
single_agent,run_1,DIP_4,EASY,C#,DIP,SRP,DIP,False,True,0.5,2,2.17,True,29.0,591.0,114.0,,,
single_agent,run_1,DIP_5,MODERATE,JAVA,DIP,SRP,DIP,False,True,0.5,2,2.48,True,77.0,2288.0,427.0,,,
single_agent,run_1,DIP_6,MODERATE,PYTHON,DIP,SRP,DIP,False,True,0.5,2,2.53,True,54.0,1844.0,361.0,,,
single_agent,run_1,DIP_7,MODERATE,KOTLIN,DIP,SRP,DIP,False,True,0.5,2,2.46,True,65.0,1828.0,337.0,,,
single_agent,run_1,DIP_8,MODERATE,C#,DIP,SRP,DIP,False,True,0.5,2,2.63,True,94.0,2405.0,429.0,,,
single_agent,run_1,DIP_9,HARD,JAVA,DIP,SRP,OCP,False,False,0.0,0,3.62,False,229.0,8620.0,1493.0,,,
single_agent,run_1,DIP_10,HARD,PYTHON,DIP,SRP,DIP,False,True,0.5,2,3.05,True,167.0,6938.0,1281.0,,,
single_agent,run_1,DIP_11,HARD,KOTLIN,DIP,SRP,OCP,False,False,0.0,0,4.22,False,191.0,6234.0,1071.0,,,
single_agent,run_1,DIP_12,HARD,C#,DIP,SRP,DIP,False,True,0.5,2,3.71,True,267.0,8372.0,1398.0,,,
single_agent,run_1,DIP_13,EASY,JAVA,DIP,SRP,DIP,False,True,0.5,2,2.88,True,18.0,465.0,77.0,,,
single_agent,run_1,DIP_14,EASY,PYTHON,DIP,SRP,DIP,False,True,0.5,2,2.25,True,11.0,331.0,59.0,,,
single_agent,run_1,DIP_15,EASY,KOTLIN,DIP,SRP,DIP,False,True,0.5,2,2.61,True,14.0,344.0,59.0,,,
single_agent,run_1,DIP_16,EASY,C#,DIP,SRP,DIP,False,True,0.5,2,2.64,True,23.0,463.0,72.0,,,
single_agent,run_1,DIP_17,MODERATE,JAVA,DIP,SRP,OCP,False,False,0.0,0,2.37,False,56.0,1872.0,363.0,,,
single_agent,run_1,DIP_18,MODERATE,PYTHON,DIP,SRP,OCP,False,False,0.0,0,2.58,False,41.0,1407.0,285.0,,,
single_agent,run_1,DIP_19,MODERATE,KOTLIN,DIP,SRP,OCP,False,False,0.0,0,2.38,False,53.0,1600.0,289.0,,,
single_agent,run_1,DIP_20,MODERATE,C#,DIP,SRP,OCP,False,False,0.0,0,2.61,False,76.0,1950.0,346.0,,,
single_agent,run_1,DIP_21,HARD,JAVA,DIP,SRP,OCP,False,False,0.0,0,2.77,False,207.0,8107.0,1494.0,,,
single_agent,run_1,DIP_22,HARD,PYTHON,DIP,SRP,OCP,False,False,0.0,0,3.33,False,145.0,6645.0,1326.0,,,
single_agent,run_1,DIP_23,HARD,KOTLIN,DIP,SRP,OCP,False,False,0.0,0,2.91,False,155.0,6261.0,1145.0,,,
single_agent,run_1,DIP_24,HARD,C#,DIP,SRP,OCP,False,False,0.0,0,3.03,False,235.0,8702.0,1381.0,,,
single_agent,run_1,DIP_25,EASY,JAVA,DIP,SRP,DIP,False,True,0.5,2,2.37,True,22.0,583.0,111.0,,,
single_agent,run_1,DIP_26,EASY,PYTHON,DIP,SRP,DIP,False,True,0.5,2,2.08,True,18.0,496.0,86.0,,,
single_agent,run_1,DIP_27,EASY,KOTLIN,DIP,SRP,DIP,False,True,0.5,2,2.35,True,22.0,531.0,98.0,,,
single_agent,run_1,DIP_28,EASY,C#,DIP,SRP,DIP,False,True,0.5,2,2.35,True,31.0,595.0,91.0,,,
single_agent,run_1,DIP_29,MODERATE,JAVA,DIP,SRP,OCP,False,False,0.0,0,2.77,False,72.0,2198.0,409.0,,,
single_agent,run_1,DIP_30,MODERATE,PYTHON,DIP,SRP,OCP,False,False,0.0,0,2.78,False,58.0,1890.0,334.0,,,
single_agent,run_1,DIP_31,MODERATE,KOTLIN,DIP,SRP,DIP,False,True,0.5,2,2.66,True,63.0,1838.0,353.0,,,
single_agent,run_1,DIP_32,MODERATE,C#,DIP,SRP,OCP,False,False,0.0,0,2.85,False,91.0,2078.0,332.0,,,
single_agent,run_1,DIP_33,HARD,JAVA,DIP,SRP,OCP,False,False,0.0,0,3.23,False,164.0,6576.0,1156.0,,,
single_agent,run_1,DIP_34,HARD,PYTHON,DIP,SRP,OCP,False,False,0.0,0,3.04,False,152.0,6056.0,1102.0,,,
single_agent,run_1,DIP_35,HARD,KOTLIN,DIP,SRP,OCP,False,False,0.0,0,3.45,False,244.0,8715.0,1532.0,,,
single_agent,run_1,DIP_36,HARD,C#,DIP,SRP,OCP,False,False,0.0,0,3.76,False,305.0,10242.0,1817.0,,,
single_agent,run_1,DIP_37,EASY,JAVA,DIP,SRP,DIP,False,True,0.5,2,2.28,True,17.0,479.0,85.0,,,
single_agent,run_1,DIP_38,EASY,PYTHON,DIP,SRP,DIP,False,True,0.5,2,2.66,True,10.0,344.0,67.0,,,
single_agent,run_1,DIP_39,EASY,KOTLIN,DIP,SRP,DIP,False,True,0.5,2,2.73,True,13.0,348.0,64.0,,,
single_agent,run_1,DIP_40,EASY,C#,DIP,SRP,DIP,False,True,0.5,2,2.24,True,22.0,479.0,81.0,,,
single_agent,run_1,DIP_41,MODERATE,JAVA,DIP,SRP,OCP,False,False,0.0,0,2.63,False,62.0,2021.0,336.0,,,
single_agent,run_1,DIP_42,MODERATE,PYTHON,DIP,SRP,OCP,False,False,0.0,0,3.0,False,40.0,1586.0,277.0,,,
single_agent,run_1,DIP_43,MODERATE,KOTLIN,DIP,SRP,DIP,False,True,0.5,2,2.66,True,46.0,1576.0,275.0,,,
single_agent,run_1,DIP_44,MODERATE,C#,DIP,SRP,OCP,False,False,0.0,0,2.52,False,77.0,2059.0,330.0,,,
single_agent,run_1,DIP_45,HARD,JAVA,DIP,SRP,OCP,False,False,0.0,0,3.2,False,138.0,5087.0,945.0,,,
single_agent,run_1,DIP_46,HARD,PYTHON,DIP,SRP,OCP,False,False,0.0,0,2.91,False,106.0,4499.0,850.0,,,
single_agent,run_1,DIP_47,HARD,KOTLIN,DIP,SRP,OCP,False,False,0.0,0,2.72,False,127.0,4464.0,805.0,,,
single_agent,run_1,DIP_48,HARD,C#,DIP,SRP,OCP,False,False,0.0,0,2.91,False,170.0,5347.0,962.0,,,
single_agent,run_2,SRP_1,EASY,JAVA,SRP,SRP,,True,True,1.0,1,3.38,True,17.0,409.0,85.0,,,
single_agent,run_2,SRP_2,EASY,JAVA,SRP,SRP,,True,True,1.0,1,1.31,True,19.0,534.0,96.0,,,
single_agent,run_2,SRP_3,EASY,JAVA,SRP,SRP,,True,True,1.0,1,1.55,True,21.0,569.0,122.0,,,
single_agent,run_2,SRP_4,EASY,JAVA,SRP,SRP,,True,True,1.0,1,1.43,True,17.0,416.0,86.0,,,
single_agent,run_2,SRP_5,MODERATE,JAVA,SRP,SRP,,True,True,1.0,1,1.97,True,168.0,4688.0,922.0,,,
single_agent,run_2,SRP_6,MODERATE,JAVA,SRP,SRP,,True,True,1.0,1,2.25,True,256.0,7899.0,1471.0,,,
single_agent,run_2,SRP_7,MODERATE,JAVA,SRP,SRP,,True,True,1.0,1,2.28,True,185.0,6117.0,1510.0,,,
single_agent,run_2,SRP_8,MODERATE,JAVA,SRP,SRP,,True,True,1.0,1,1.94,True,124.0,4615.0,906.0,,,
single_agent,run_2,SRP_9,HARD,JAVA,SRP,SRP,,True,True,1.0,1,2.88,True,370.0,12738.0,2568.0,,,
single_agent,run_2,SRP_10,HARD,JAVA,SRP,SRP,,True,True,1.0,1,2.97,True,337.0,13357.0,2597.0,,,
single_agent,run_2,SRP_11,HARD,JAVA,SRP,SRP,,True,True,1.0,1,2.94,True,330.0,12494.0,2630.0,,,
single_agent,run_2,SRP_12,HARD,JAVA,SRP,SRP,,True,True,1.0,1,3.36,True,388.0,16985.0,3462.0,,,
single_agent,run_2,SRP_13,EASY,PYTHON,SRP,SRP,,True,True,1.0,1,1.15,True,10.0,286.0,65.0,,,
single_agent,run_2,SRP_14,EASY,PYTHON,SRP,SRP,,True,True,1.0,1,1.32,True,11.0,423.0,86.0,,,
single_agent,run_2,SRP_15,EASY,PYTHON,SRP,SRP,,True,True,1.0,1,1.26,True,13.0,390.0,95.0,,,
single_agent,run_2,SRP_16,EASY,PYTHON,SRP,SRP,,True,True,1.0,1,1.5,True,10.0,303.0,71.0,,,
single_agent,run_2,SRP_17,MODERATE,PYTHON,SRP,SRP,,True,True,1.0,1,1.91,True,120.0,4007.0,858.0,,,
single_agent,run_2,SRP_18,MODERATE,PYTHON,SRP,SRP,,True,True,1.0,1,2.29,True,195.0,7146.0,1440.0,,,
single_agent,run_2,SRP_19,MODERATE,PYTHON,SRP,SRP,,True,True,1.0,1,2.42,True,167.0,5735.0,1427.0,,,
single_agent,run_2,SRP_20,MODERATE,PYTHON,SRP,SRP,,True,True,1.0,1,1.96,True,89.0,3928.0,840.0,,,
single_agent,run_2,SRP_21,HARD,PYTHON,SRP,SRP,,True,True,1.0,1,2.67,True,254.0,10438.0,2191.0,,,
single_agent,run_2,SRP_22,HARD,PYTHON,SRP,SRP,,True,True,1.0,1,2.95,True,300.0,12992.0,2443.0,,,
single_agent,run_2,SRP_23,HARD,PYTHON,SRP,SRP,,True,True,1.0,1,2.98,True,248.0,11175.0,2445.0,,,
single_agent,run_2,SRP_24,HARD,PYTHON,SRP,SRP,,True,True,1.0,1,3.1,True,329.0,14413.0,2800.0,,,
single_agent,run_2,SRP_25,EASY,KOTLIN,SRP,SRP,,True,True,1.0,1,1.32,True,10.0,229.0,49.0,,,
single_agent,run_2,SRP_26,EASY,KOTLIN,SRP,SRP,,True,True,1.0,1,1.29,True,10.0,305.0,63.0,,,
single_agent,run_2,SRP_27,EASY,KOTLIN,SRP,SRP,,True,True,1.0,1,1.29,True,12.0,330.0,75.0,,,
single_agent,run_2,SRP_28,EASY,KOTLIN,SRP,SRP,,True,True,1.0,1,1.04,True,10.0,267.0,59.0,,,
single_agent,run_2,SRP_29,MODERATE,KOTLIN,SRP,SRP,,True,True,1.0,1,1.89,True,116.0,3523.0,724.0,,,
single_agent,run_2,SRP_30,MODERATE,KOTLIN,SRP,SRP,,True,True,1.0,1,2.13,True,179.0,6179.0,1174.0,,,
single_agent,run_2,SRP_31,MODERATE,KOTLIN,SRP,SRP,,True,True,1.0,1,2.18,True,164.0,5372.0,1253.0,,,
single_agent,run_2,SRP_32,MODERATE,KOTLIN,SRP,SRP,,True,True,1.0,1,1.95,True,102.0,3859.0,742.0,,,
single_agent,run_2,SRP_33,HARD,KOTLIN,SRP,SRP,,True,True,1.0,1,2.69,True,286.0,9834.0,1910.0,,,
single_agent,run_2,SRP_34,HARD,KOTLIN,SRP,SRP,,True,True,1.0,1,2.67,True,260.0,10479.0,1959.0,,,
single_agent,run_2,SRP_35,HARD,KOTLIN,SRP,SRP,,True,True,1.0,1,2.78,True,285.0,10237.0,2089.0,,,
single_agent,run_2,SRP_36,HARD,KOTLIN,SRP,SRP,,True,True,1.0,1,3.2,True,361.0,14620.0,2794.0,,,
single_agent,run_2,SRP_37,EASY,CSHARP,SRP,SRP,,True,True,1.0,1,1.29,True,21.0,428.0,88.0,,,
single_agent,run_2,SRP_38,EASY,CSHARP,SRP,SRP,,True,True,1.0,1,1.34,True,23.0,539.0,94.0,,,
single_agent,run_2,SRP_39,EASY,CSHARP,SRP,SRP,,True,True,1.0,1,1.57,True,25.0,577.0,122.0,,,
single_agent,run_2,SRP_40,EASY,CSHARP,SRP,SRP,,True,True,1.0,1,1.44,True,21.0,421.0,84.0,,,
single_agent,run_2,SRP_41,MODERATE,CSHARP,SRP,SRP,,True,True,1.0,1,1.98,True,184.0,4448.0,842.0,,,
single_agent,run_2,SRP_42,MODERATE,CSHARP,SRP,SRP,,True,True,1.0,1,2.22,True,289.0,7682.0,1387.0,,,
single_agent,run_2,SRP_43,MODERATE,CSHARP,SRP,SRP,,True,True,1.0,1,2.27,True,218.0,5972.0,1368.0,,,
single_agent,run_2,SRP_44,MODERATE,CSHARP,SRP,SRP,,True,True,1.0,1,1.88,True,149.0,4707.0,889.0,,,
single_agent,run_2,SRP_45,HARD,CSHARP,SRP,SRP,,True,True,1.0,1,2.66,True,395.0,12158.0,2323.0,,,
single_agent,run_2,SRP_46,HARD,CSHARP,SRP,SRP,,True,True,1.0,1,2.89,True,384.0,13000.0,2343.0,,,
single_agent,run_2,SRP_47,HARD,CSHARP,SRP,SRP,,True,True,1.0,1,2.8,True,387.0,13890.0,2458.0,,,
single_agent,run_2,SRP_48,HARD,CSHARP,SRP,SRP,,True,True,1.0,1,3.37,True,465.0,16946.0,3214.0,,,
single_agent,run_2,OCP_1,EASY,CSHARP,OCP,OCP,,True,True,1.0,1,1.69,True,72.0,1235.0,237.0,,,
single_agent,run_2,OCP_2,EASY,CSHARP,OCP,SRP,,False,False,0.0,0,1.62,False,50.0,1300.0,224.0,,,
single_agent,run_2,OCP_3,EASY,CSHARP,OCP,SRP,,False,False,0.0,0,1.86,False,49.0,1004.0,202.0,,,
single_agent,run_2,OCP_4,EASY,CSHARP,OCP,OCP,,True,True,1.0,1,1.94,True,53.0,1479.0,282.0,,,
single_agent,run_2,OCP_5,HARD,CSHARP,OCP,SRP,,False,False,0.0,0,3.33,False,459.0,15744.0,3669.0,,,
single_agent,run_2,OCP_6,HARD,CSHARP,OCP,SRP,,False,False,0.0,0,2.58,False,269.0,8599.0,2059.0,,,
single_agent,run_2,OCP_7,HARD,CSHARP,OCP,SRP,,False,False,0.0,0,3.44,False,415.0,16149.0,3425.0,,,
single_agent,run_2,OCP_8,HARD,CSHARP,OCP,SRP,,False,False,0.0,0,3.01,False,398.0,15864.0,3495.0,,,
single_agent,run_2,OCP_9,MODERATE,CSHARP,OCP,OCP,,True,True,1.0,1,2.14,True,208.0,5450.0,1105.0,,,
single_agent,run_2,OCP_10,MODERATE,CSHARP,OCP,SRP,,False,False,0.0,0,2.04,False,112.0,2563.0,537.0,,,
single_agent,run_2,OCP_11,MODERATE,CSHARP,OCP,SRP,,False,False,0.0,0,2.55,False,305.0,9205.0,1844.0,,,
single_agent,run_2,OCP_12,MODERATE,CSHARP,OCP,SRP,,False,False,0.0,0,2.52,False,216.0,10058.0,2191.0,,,
single_agent,run_2,OCP_13,EASY,JAVA,OCP,OCP,,True,True,1.0,1,1.68,True,57.0,1210.0,234.0,,,
single_agent,run_2,OCP_14,EASY,JAVA,OCP,OCP,,True,True,1.0,1,2.12,True,44.0,1316.0,230.0,,,
single_agent,run_2,OCP_15,EASY,JAVA,OCP,SRP,,False,False,0.0,0,1.67,False,38.0,901.0,190.0,,,
single_agent,run_2,OCP_16,EASY,JAVA,OCP,OCP,,True,True,1.0,1,1.93,True,32.0,1218.0,273.0,,,
single_agent,run_2,OCP_17,HARD,JAVA,OCP,SRP,,False,False,0.0,0,3.23,False,433.0,15628.0,3615.0,,,
single_agent,run_2,OCP_18,HARD,JAVA,OCP,SRP,,False,False,0.0,0,2.69,False,210.0,7259.0,1941.0,,,
single_agent,run_2,OCP_19,HARD,JAVA,OCP,SRP,,False,False,0.0,0,3.17,False,414.0,14950.0,3226.0,,,
single_agent,run_2,OCP_20,HARD,JAVA,OCP,SRP,,False,False,0.0,0,3.34,False,359.0,15513.0,3677.0,,,
single_agent,run_2,OCP_21,MODERATE,JAVA,OCP,SRP,,False,False,0.0,0,1.97,False,177.0,5124.0,1093.0,,,
single_agent,run_2,OCP_22,MODERATE,JAVA,OCP,SRP,,False,False,0.0,0,1.92,False,105.0,2985.0,644.0,,,
single_agent,run_2,OCP_23,MODERATE,JAVA,OCP,SRP,,False,False,0.0,0,2.47,False,281.0,9648.0,1921.0,,,
single_agent,run_2,OCP_24,MODERATE,JAVA,OCP,SRP,,False,False,0.0,0,2.53,False,215.0,8998.0,2053.0,,,
single_agent,run_2,OCP_25,EASY,KOTLIN,OCP,SRP,,False,False,0.0,0,1.81,False,32.0,715.0,156.0,,,
single_agent,run_2,OCP_26,EASY,KOTLIN,OCP,SRP,,False,False,0.0,0,1.62,False,27.0,642.0,114.0,,,
single_agent,run_2,OCP_27,EASY,KOTLIN,OCP,SRP,,False,False,0.0,0,1.66,False,29.0,561.0,121.0,,,
single_agent,run_2,OCP_28,EASY,KOTLIN,OCP,SRP,,False,False,0.0,0,1.46,False,26.0,722.0,161.0,,,
single_agent,run_2,OCP_29,HARD,KOTLIN,OCP,SRP,,False,False,0.0,0,2.8,False,291.0,10683.0,2647.0,,,
single_agent,run_2,OCP_30,HARD,KOTLIN,OCP,SRP,,False,False,0.0,0,2.28,False,159.0,5979.0,1652.0,,,
single_agent,run_2,OCP_31,HARD,KOTLIN,OCP,SRP,,False,False,0.0,0,3.27,False,320.0,11420.0,2934.0,,,
single_agent,run_2,OCP_32,HARD,KOTLIN,OCP,SRP,,False,False,0.0,0,2.95,False,287.0,11644.0,2946.0,,,
single_agent,run_2,OCP_33,MODERATE,KOTLIN,OCP,SRP,,False,False,0.0,0,1.96,False,122.0,4047.0,951.0,,,
single_agent,run_2,OCP_34,MODERATE,KOTLIN,OCP,SRP,,False,False,0.0,0,2.01,False,85.0,2208.0,510.0,,,
single_agent,run_2,OCP_35,MODERATE,KOTLIN,OCP,SRP,,False,False,0.0,0,2.94,False,218.0,6916.0,1671.0,,,
single_agent,run_2,OCP_36,MODERATE,KOTLIN,OCP,SRP,,False,False,0.0,0,2.23,False,185.0,6791.0,1556.0,,,
single_agent,run_2,OCP_37,EASY,PYTHON,OCP,OCP,,True,True,1.0,1,1.56,True,41.0,935.0,194.0,,,
single_agent,run_2,OCP_38,EASY,PYTHON,OCP,SRP,,False,False,0.0,0,1.65,False,39.0,1028.0,197.0,,,
single_agent,run_2,OCP_39,EASY,PYTHON,OCP,OCP,,True,True,1.0,1,1.65,True,47.0,901.0,191.0,,,
single_agent,run_2,OCP_40,EASY,PYTHON,OCP,OCP,,True,True,1.0,1,1.72,True,43.0,1098.0,247.0,,,
single_agent,run_2,OCP_41,HARD,PYTHON,OCP,SRP,,False,False,0.0,0,2.88,False,375.0,11987.0,2980.0,,,
single_agent,run_2,OCP_42,HARD,PYTHON,OCP,SRP,,False,False,0.0,0,2.47,False,263.0,7531.0,1970.0,,,
single_agent,run_2,OCP_43,HARD,PYTHON,OCP,SRP,,False,False,0.0,0,3.1,False,317.0,11169.0,2855.0,,,
single_agent,run_2,OCP_44,HARD,PYTHON,OCP,SRP,,False,False,0.0,0,3.04,False,281.0,11552.0,3174.0,,,
single_agent,run_2,OCP_45,MODERATE,PYTHON,OCP,SRP,,False,False,0.0,0,1.94,False,155.0,4320.0,1040.0,,,
single_agent,run_2,OCP_46,MODERATE,PYTHON,OCP,SRP,,False,False,0.0,0,1.92,False,104.0,2760.0,621.0,,,
single_agent,run_2,OCP_47,MODERATE,PYTHON,OCP,SRP,,False,False,0.0,0,3.06,False,217.0,7648.0,1898.0,,,
single_agent,run_2,OCP_48,MODERATE,PYTHON,OCP,SRP,,False,False,0.0,0,2.36,False,184.0,7522.0,1974.0,,,
single_agent,run_2,LSP_1,EASY,JAVA,LSP,LSP,,True,True,1.0,1,1.69,True,25.0,481.0,103.0,,,
single_agent,run_2,LSP_2,EASY,PYTHON,LSP,LSP,,True,True,1.0,1,1.65,True,15.0,309.0,76.0,,,
single_agent,run_2,LSP_3,EASY,KOTLIN,LSP,LSP,,True,True,1.0,1,1.65,True,23.0,384.0,87.0,,,
single_agent,run_2,LSP_4,EASY,C#,LSP,LSP,,True,True,1.0,1,1.67,True,31.0,473.0,98.0,,,
single_agent,run_2,LSP_5,MODERATE,JAVA,LSP,SRP,,False,False,0.0,0,1.64,False,92.0,2277.0,439.0,,,
single_agent,run_2,LSP_6,MODERATE,PYTHON,LSP,LSP,,True,True,1.0,1,1.91,True,67.0,1841.0,377.0,,,
single_agent,run_2,LSP_7,MODERATE,KOTLIN,LSP,LSP,,True,True,1.0,1,1.88,True,58.0,1632.0,344.0,,,
single_agent,run_2,LSP_8,MODERATE,C#,LSP,LSP,,True,True,1.0,1,1.92,True,93.0,2189.0,422.0,,,
single_agent,run_2,LSP_9,HARD,JAVA,LSP,SRP,,False,False,0.0,0,2.16,False,233.0,7879.0,1520.0,,,
single_agent,run_2,LSP_10,HARD,PYTHON,LSP,SRP,,False,False,0.0,0,2.49,False,230.0,7392.0,1436.0,,,
single_agent,run_2,LSP_11,HARD,KOTLIN,LSP,SRP,,False,False,0.0,0,1.93,False,176.0,5663.0,1116.0,,,
single_agent,run_2,LSP_12,HARD,C#,LSP,SRP,,False,False,0.0,0,2.14,False,253.0,7497.0,1397.0,,,
single_agent,run_2,LSP_13,EASY,JAVA,LSP,LSP,,True,True,1.0,1,1.55,True,22.0,679.0,124.0,,,
single_agent,run_2,LSP_14,EASY,PYTHON,LSP,LSP,,True,True,1.0,1,1.64,True,13.0,488.0,99.0,,,
single_agent,run_2,LSP_15,EASY,KOTLIN,LSP,LSP,,True,True,1.0,1,1.6,True,20.0,582.0,108.0,,,
single_agent,run_2,LSP_16,EASY,C#,LSP,LSP,,True,True,1.0,1,1.51,True,28.0,681.0,124.0,,,
single_agent,run_2,LSP_17,MODERATE,JAVA,LSP,SRP,,False,False,0.0,0,1.66,False,111.0,3277.0,542.0,,,
single_agent,run_2,LSP_18,MODERATE,PYTHON,LSP,SRP,,False,False,0.0,0,1.58,False,75.0,2418.0,422.0,,,
single_agent,run_2,LSP_19,MODERATE,KOTLIN,LSP,SRP,,False,False,0.0,0,1.5,False,64.0,2369.0,429.0,,,
single_agent,run_2,LSP_20,MODERATE,C#,LSP,SRP,,False,False,0.0,0,1.6,False,126.0,3434.0,551.0,,,
single_agent,run_2,LSP_21,HARD,JAVA,LSP,SRP,,False,False,0.0,0,2.29,False,226.0,8552.0,1432.0,,,
single_agent,run_2,LSP_22,HARD,PYTHON,LSP,SRP,,False,False,0.0,0,2.32,False,192.0,7006.0,1222.0,,,
single_agent,run_2,LSP_23,HARD,KOTLIN,LSP,SRP,,False,False,0.0,0,2.26,False,249.0,8058.0,1313.0,,,
single_agent,run_2,LSP_24,HARD,C#,LSP,SRP,,False,False,0.0,0,2.38,False,324.0,9455.0,1470.0,,,
single_agent,run_2,LSP_25,EASY,JAVA,LSP,SRP,,False,False,0.0,0,1.4,False,35.0,952.0,148.0,,,
single_agent,run_2,LSP_26,EASY,PYTHON,LSP,SRP,,False,False,0.0,0,1.51,False,24.0,762.0,153.0,,,
single_agent,run_2,LSP_27,EASY,KOTLIN,LSP,OCP,,False,False,0.0,0,1.85,False,30.0,890.0,144.0,,,
single_agent,run_2,LSP_28,EASY,C#,LSP,SRP,,False,False,0.0,0,1.42,False,42.0,1123.0,193.0,,,
single_agent,run_2,LSP_29,MODERATE,JAVA,LSP,SRP,,False,False,0.0,0,1.88,False,114.0,3897.0,783.0,,,
single_agent,run_2,LSP_30,MODERATE,PYTHON,LSP,SRP,,False,False,0.0,0,1.61,False,88.0,3657.0,722.0,,,
single_agent,run_2,LSP_31,MODERATE,KOTLIN,LSP,SRP,,False,False,0.0,0,2.0,False,94.0,3503.0,622.0,,,
single_agent,run_2,LSP_32,MODERATE,C#,LSP,SRP,,False,False,0.0,0,1.78,False,145.0,4433.0,776.0,,,
single_agent,run_2,LSP_33,HARD,JAVA,LSP,SRP,,False,False,0.0,0,2.2,False,277.0,9959.0,1726.0,,,
single_agent,run_2,LSP_34,HARD,PYTHON,LSP,SRP,,False,False,0.0,0,2.43,False,317.0,12199.0,1961.0,,,
single_agent,run_2,LSP_35,HARD,KOTLIN,LSP,SRP,,False,False,0.0,0,2.26,False,358.0,12785.0,2019.0,,,
single_agent,run_2,LSP_36,HARD,C#,LSP,SRP,,False,False,0.0,0,2.79,False,458.0,14758.0,2270.0,,,
single_agent,run_2,LSP_37,EASY,JAVA,LSP,LSP,,True,True,1.0,1,1.83,True,38.0,855.0,161.0,,,
single_agent,run_2,LSP_38,EASY,PYTHON,LSP,LSP,,True,True,1.0,1,1.72,True,33.0,740.0,149.0,,,
single_agent,run_2,LSP_39,EASY,KOTLIN,LSP,LSP,,True,True,1.0,1,1.89,True,24.0,577.0,116.0,,,
single_agent,run_2,LSP_40,EASY,C#,LSP,LSP,,True,True,1.0,1,1.75,True,42.0,864.0,159.0,,,
single_agent,run_2,LSP_41,MODERATE,JAVA,LSP,SRP,,False,False,0.0,0,1.58,False,91.0,2684.0,511.0,,,
single_agent,run_2,LSP_42,MODERATE,PYTHON,LSP,SRP,,False,False,0.0,0,1.57,False,82.0,2262.0,437.0,,,
single_agent,run_2,LSP_43,MODERATE,KOTLIN,LSP,SRP,,False,False,0.0,0,1.43,False,71.0,2017.0,369.0,,,
single_agent,run_2,LSP_44,MODERATE,C#,LSP,SRP,,False,False,0.0,0,1.61,False,112.0,2849.0,515.0,,,
single_agent,run_2,LSP_45,HARD,JAVA,LSP,SRP,,False,False,0.0,0,2.16,False,212.0,8668.0,1509.0,,,
single_agent,run_2,LSP_46,HARD,PYTHON,LSP,SRP,,False,False,0.0,0,1.98,False,164.0,6480.0,1225.0,,,
single_agent,run_2,LSP_47,HARD,KOTLIN,LSP,SRP,,False,False,0.0,0,1.97,False,202.0,6693.0,1137.0,,,
single_agent,run_2,LSP_48,HARD,C#,LSP,SRP,,False,False,0.0,0,2.13,False,272.0,8682.0,1487.0,,,
single_agent,run_2,ISP_1,EASY,CSHARP,ISP,LSP,,False,False,0.0,0,1.74,False,89.0,1737.0,335.0,,,
single_agent,run_2,ISP_2,EASY,CSHARP,ISP,LSP,,False,False,0.0,0,1.93,False,94.0,2055.0,397.0,,,
single_agent,run_2,ISP_3,EASY,CSHARP,ISP,SRP,,False,False,0.0,0,2.22,False,63.0,1140.0,225.0,,,
single_agent,run_2,ISP_4,EASY,CSHARP,ISP,LSP,,False,False,0.0,0,1.69,False,44.0,664.0,140.0,,,
single_agent,run_2,ISP_5,HARD,CSHARP,ISP,SRP,,False,False,0.0,0,2.55,False,511.0,11621.0,2179.0,,,
single_agent,run_2,ISP_6,HARD,CSHARP,ISP,SRP,,False,False,0.0,0,3.53,False,461.0,10993.0,2063.0,,,
single_agent,run_2,ISP_7,HARD,CSHARP,ISP,SRP,,False,False,0.0,0,3.02,False,660.0,17075.0,3079.0,,,
single_agent,run_2,ISP_8,HARD,CSHARP,ISP,SRP,,False,False,0.0,0,2.71,False,473.0,10539.0,1842.0,,,
single_agent,run_2,ISP_9,MODERATE,CSHARP,ISP,SRP,,False,False,0.0,0,2.0,False,287.0,6316.0,1191.0,,,
single_agent,run_2,ISP_10,MODERATE,CSHARP,ISP,SRP,,False,False,0.0,0,2.57,False,259.0,6299.0,1201.0,,,
single_agent,run_2,ISP_11,MODERATE,CSHARP,ISP,SRP,,False,False,0.0,0,1.69,False,149.0,2838.0,539.0,,,
single_agent,run_2,ISP_12,MODERATE,CSHARP,ISP,SRP,,False,False,0.0,0,2.68,False,291.0,5721.0,1030.0,,,
single_agent,run_2,ISP_13,EASY,JAVA,ISP,LSP,,False,False,0.0,0,1.7,False,77.0,1793.0,362.0,,,
single_agent,run_2,ISP_14,EASY,JAVA,ISP,SRP,,False,False,0.0,0,1.73,False,88.0,2183.0,430.0,,,
single_agent,run_2,ISP_15,EASY,JAVA,ISP,SRP,,False,False,0.0,0,1.5,False,48.0,1121.0,240.0,,,
single_agent,run_2,ISP_16,EASY,JAVA,ISP,LSP,,False,False,0.0,0,1.6,False,34.0,654.0,147.0,,,
single_agent,run_2,ISP_17,HARD,JAVA,ISP,SRP,,False,False,0.0,0,2.53,False,416.0,11445.0,2334.0,,,
single_agent,run_2,ISP_18,HARD,JAVA,ISP,SRP,,False,False,0.0,0,2.92,False,436.0,11756.0,2280.0,,,
single_agent,run_2,ISP_19,HARD,JAVA,ISP,SRP,,False,False,0.0,0,3.07,False,482.0,15667.0,3266.0,,,
single_agent,run_2,ISP_20,HARD,JAVA,ISP,SRP,,False,False,0.0,0,2.52,False,351.0,10063.0,1914.0,,,
single_agent,run_2,ISP_21,MODERATE,JAVA,ISP,SRP,,False,False,0.0,0,2.26,False,226.0,6148.0,1278.0,,,
single_agent,run_2,ISP_22,MODERATE,JAVA,ISP,SRP,,False,False,0.0,0,2.14,False,246.0,6487.0,1304.0,,,
single_agent,run_2,ISP_23,MODERATE,JAVA,ISP,SRP,,False,False,0.0,0,1.78,False,113.0,2744.0,578.0,,,
single_agent,run_2,ISP_24,MODERATE,JAVA,ISP,SRP,,False,False,0.0,0,2.09,False,220.0,5450.0,1074.0,,,
single_agent,run_2,ISP_25,EASY,KOTLIN,ISP,LSP,,False,False,0.0,0,1.69,False,57.0,1378.0,271.0,,,
single_agent,run_2,ISP_26,EASY,KOTLIN,ISP,SRP,,False,False,0.0,0,1.76,False,79.0,1898.0,342.0,,,
single_agent,run_2,ISP_27,EASY,KOTLIN,ISP,SRP,,False,False,0.0,0,1.81,False,47.0,988.0,192.0,,,
single_agent,run_2,ISP_28,EASY,KOTLIN,ISP,LSP,,False,False,0.0,0,1.66,False,34.0,571.0,117.0,,,
single_agent,run_2,ISP_29,HARD,KOTLIN,ISP,SRP,,False,False,0.0,0,2.3,False,331.0,9289.0,1790.0,,,
single_agent,run_2,ISP_30,HARD,KOTLIN,ISP,SRP,,False,False,0.0,0,2.69,False,371.0,9990.0,1827.0,,,
single_agent,run_2,ISP_31,HARD,KOTLIN,ISP,SRP,,False,False,0.0,0,3.36,False,482.0,13948.0,2576.0,,,
single_agent,run_2,ISP_32,HARD,KOTLIN,ISP,SRP,,False,False,0.0,0,2.19,False,310.0,8522.0,1485.0,,,
single_agent,run_2,ISP_33,MODERATE,KOTLIN,ISP,SRP,,False,False,0.0,0,1.8,False,189.0,5219.0,977.0,,,
single_agent,run_2,ISP_34,MODERATE,KOTLIN,ISP,SRP,,False,False,0.0,0,2.36,False,209.0,5799.0,1085.0,,,
single_agent,run_2,ISP_35,MODERATE,KOTLIN,ISP,SRP,,False,False,0.0,0,1.95,False,112.0,2448.0,462.0,,,
single_agent,run_2,ISP_36,MODERATE,KOTLIN,ISP,SRP,,False,False,0.0,0,2.09,False,166.0,4233.0,781.0,,,
single_agent,run_2,ISP_37,EASY,PYTHON,ISP,LSP,,False,False,0.0,0,1.73,False,60.0,1516.0,327.0,,,
single_agent,run_2,ISP_38,EASY,PYTHON,ISP,SRP,,False,False,0.0,0,1.7,False,81.0,2099.0,413.0,,,
single_agent,run_2,ISP_39,EASY,PYTHON,ISP,SRP,,False,False,0.0,0,1.62,False,44.0,1045.0,206.0,,,
single_agent,run_2,ISP_40,EASY,PYTHON,ISP,LSP,,False,False,0.0,0,1.6,False,34.0,629.0,134.0,,,
single_agent,run_2,ISP_41,HARD,PYTHON,ISP,SRP,,False,False,0.0,0,2.49,False,328.0,9475.0,1983.0,,,
single_agent,run_2,ISP_42,HARD,PYTHON,ISP,SRP,,False,False,0.0,0,2.83,False,357.0,10176.0,1938.0,,,
single_agent,run_2,ISP_43,HARD,PYTHON,ISP,SRP,,False,False,0.0,0,3.08,False,425.0,13827.0,2633.0,,,
single_agent,run_2,ISP_44,HARD,PYTHON,ISP,SRP,,False,False,0.0,0,2.08,False,295.0,8947.0,1624.0,,,
single_agent,run_2,ISP_45,MODERATE,PYTHON,ISP,SRP,,False,False,0.0,0,2.29,False,178.0,5209.0,1105.0,,,
single_agent,run_2,ISP_46,MODERATE,PYTHON,ISP,SRP,,False,False,0.0,0,2.16,False,202.0,5849.0,1163.0,,,
single_agent,run_2,ISP_47,MODERATE,PYTHON,ISP,SRP,,False,False,0.0,0,1.78,False,108.0,2625.0,505.0,,,
single_agent,run_2,ISP_48,MODERATE,PYTHON,ISP,SRP,,False,False,0.0,0,2.2,False,177.0,4573.0,909.0,,,
single_agent,run_2,DIP_1,EASY,JAVA,DIP,SRP,,False,False,0.0,0,1.52,False,23.0,593.0,121.0,,,
single_agent,run_2,DIP_2,EASY,PYTHON,DIP,SRP,,False,False,0.0,0,1.41,False,15.0,441.0,100.0,,,
single_agent,run_2,DIP_3,EASY,KOTLIN,DIP,SRP,,False,False,0.0,0,1.5,False,19.0,441.0,90.0,,,
single_agent,run_2,DIP_4,EASY,C#,DIP,SRP,,False,False,0.0,0,1.38,False,29.0,591.0,114.0,,,
single_agent,run_2,DIP_5,MODERATE,JAVA,DIP,SRP,,False,False,0.0,0,1.62,False,77.0,2288.0,427.0,,,
single_agent,run_2,DIP_6,MODERATE,PYTHON,DIP,SRP,,False,False,0.0,0,1.66,False,54.0,1844.0,361.0,,,
single_agent,run_2,DIP_7,MODERATE,KOTLIN,DIP,SRP,,False,False,0.0,0,1.44,False,65.0,1828.0,337.0,,,
single_agent,run_2,DIP_8,MODERATE,C#,DIP,SRP,,False,False,0.0,0,1.58,False,94.0,2405.0,429.0,,,
single_agent,run_2,DIP_9,HARD,JAVA,DIP,SRP,,False,False,0.0,0,2.09,False,229.0,8620.0,1493.0,,,
single_agent,run_2,DIP_10,HARD,PYTHON,DIP,SRP,,False,False,0.0,0,2.13,False,167.0,6938.0,1281.0,,,
single_agent,run_2,DIP_11,HARD,KOTLIN,DIP,SRP,,False,False,0.0,0,2.32,False,191.0,6234.0,1071.0,,,
single_agent,run_2,DIP_12,HARD,C#,DIP,SRP,,False,False,0.0,0,2.49,False,267.0,8372.0,1398.0,,,
single_agent,run_2,DIP_13,EASY,JAVA,DIP,SRP,,False,False,0.0,0,1.96,False,18.0,465.0,77.0,,,
single_agent,run_2,DIP_14,EASY,PYTHON,DIP,SRP,,False,False,0.0,0,1.6,False,11.0,331.0,59.0,,,
single_agent,run_2,DIP_15,EASY,KOTLIN,DIP,SRP,,False,False,0.0,0,1.84,False,14.0,344.0,59.0,,,
single_agent,run_2,DIP_16,EASY,C#,DIP,SRP,,False,False,0.0,0,1.88,False,23.0,463.0,72.0,,,
single_agent,run_2,DIP_17,MODERATE,JAVA,DIP,SRP,,False,False,0.0,0,1.54,False,56.0,1872.0,363.0,,,
single_agent,run_2,DIP_18,MODERATE,PYTHON,DIP,SRP,,False,False,0.0,0,1.52,False,41.0,1407.0,285.0,,,
single_agent,run_2,DIP_19,MODERATE,KOTLIN,DIP,SRP,,False,False,0.0,0,1.46,False,53.0,1600.0,289.0,,,
single_agent,run_2,DIP_20,MODERATE,C#,DIP,SRP,,False,False,0.0,0,1.4,False,76.0,1950.0,346.0,,,
single_agent,run_2,DIP_21,HARD,JAVA,DIP,SRP,,False,False,0.0,0,1.9,False,207.0,8107.0,1494.0,,,
single_agent,run_2,DIP_22,HARD,PYTHON,DIP,SRP,,False,False,0.0,0,2.04,False,145.0,6645.0,1326.0,,,
single_agent,run_2,DIP_23,HARD,KOTLIN,DIP,SRP,,False,False,0.0,0,1.78,False,155.0,6261.0,1145.0,,,
single_agent,run_2,DIP_24,HARD,C#,DIP,SRP,,False,False,0.0,0,1.97,False,235.0,8702.0,1381.0,,,
single_agent,run_2,DIP_25,EASY,JAVA,DIP,SRP,,False,False,0.0,0,1.53,False,22.0,583.0,111.0,,,
single_agent,run_2,DIP_26,EASY,PYTHON,DIP,SRP,,False,False,0.0,0,1.4,False,18.0,496.0,86.0,,,
single_agent,run_2,DIP_27,EASY,KOTLIN,DIP,SRP,,False,False,0.0,0,1.43,False,22.0,531.0,98.0,,,
single_agent,run_2,DIP_28,EASY,C#,DIP,SRP,,False,False,0.0,0,1.44,False,31.0,595.0,91.0,,,
single_agent,run_2,DIP_29,MODERATE,JAVA,DIP,SRP,,False,False,0.0,0,1.7,False,72.0,2198.0,409.0,,,
single_agent,run_2,DIP_30,MODERATE,PYTHON,DIP,SRP,,False,False,0.0,0,1.53,False,58.0,1890.0,334.0,,,
single_agent,run_2,DIP_31,MODERATE,KOTLIN,DIP,SRP,,False,False,0.0,0,1.63,False,63.0,1838.0,353.0,,,
single_agent,run_2,DIP_32,MODERATE,C#,DIP,SRP,,False,False,0.0,0,1.77,False,91.0,2078.0,332.0,,,
single_agent,run_2,DIP_33,HARD,JAVA,DIP,SRP,,False,False,0.0,0,1.95,False,164.0,6576.0,1156.0,,,
single_agent,run_2,DIP_34,HARD,PYTHON,DIP,SRP,,False,False,0.0,0,1.95,False,152.0,6056.0,1102.0,,,
single_agent,run_2,DIP_35,HARD,KOTLIN,DIP,SRP,,False,False,0.0,0,2.06,False,244.0,8715.0,1532.0,,,
single_agent,run_2,DIP_36,HARD,C#,DIP,SRP,,False,False,0.0,0,2.36,False,305.0,10242.0,1817.0,,,
single_agent,run_2,DIP_37,EASY,JAVA,DIP,SRP,,False,False,0.0,0,1.38,False,17.0,479.0,85.0,,,
single_agent,run_2,DIP_38,EASY,PYTHON,DIP,SRP,,False,False,0.0,0,1.64,False,10.0,344.0,67.0,,,
single_agent,run_2,DIP_39,EASY,KOTLIN,DIP,SRP,,False,False,0.0,0,1.54,False,13.0,348.0,64.0,,,
single_agent,run_2,DIP_40,EASY,C#,DIP,SRP,,False,False,0.0,0,1.41,False,22.0,479.0,81.0,,,
single_agent,run_2,DIP_41,MODERATE,JAVA,DIP,SRP,,False,False,0.0,0,1.42,False,62.0,2021.0,336.0,,,
single_agent,run_2,DIP_42,MODERATE,PYTHON,DIP,SRP,,False,False,0.0,0,1.52,False,40.0,1586.0,277.0,,,
single_agent,run_2,DIP_43,MODERATE,KOTLIN,DIP,SRP,,False,False,0.0,0,2.06,False,46.0,1576.0,275.0,,,
single_agent,run_2,DIP_44,MODERATE,C#,DIP,SRP,,False,False,0.0,0,2.13,False,77.0,2059.0,330.0,,,
single_agent,run_2,DIP_45,HARD,JAVA,DIP,SRP,,False,False,0.0,0,1.82,False,138.0,5087.0,945.0,,,
single_agent,run_2,DIP_46,HARD,PYTHON,DIP,SRP,,False,False,0.0,0,1.83,False,106.0,4499.0,850.0,,,
single_agent,run_2,DIP_47,HARD,KOTLIN,DIP,SRP,,False,False,0.0,0,1.78,False,127.0,4464.0,805.0,,,
single_agent,run_2,DIP_48,HARD,C#,DIP,SRP,,False,False,0.0,0,1.85,False,170.0,5347.0,962.0,,,
two_agent,run_1,SRP_1,EASY,JAVA,SRP,SRP,OCP,True,True,1.0,1,14.68,True,17.0,409.0,85.0,,,
two_agent,run_1,SRP_2,EASY,JAVA,SRP,SRP,DIP,True,True,1.0,1,2.76,True,19.0,534.0,96.0,,,
two_agent,run_1,SRP_3,EASY,JAVA,SRP,SRP,OCP,True,True,1.0,1,2.52,True,21.0,569.0,122.0,,,
two_agent,run_1,SRP_4,EASY,JAVA,SRP,,,False,False,0.0,0,5.41,False,17.0,416.0,86.0,,,
two_agent,run_1,SRP_5,MODERATE,JAVA,SRP,SRP,DIP,True,True,1.0,1,3.23,True,168.0,4688.0,922.0,,,
two_agent,run_1,SRP_6,MODERATE,JAVA,SRP,SRP,OCP,True,True,1.0,1,4.42,True,256.0,7899.0,1471.0,,,
two_agent,run_1,SRP_7,MODERATE,JAVA,SRP,SRP,DIP,True,True,1.0,1,3.97,True,185.0,6117.0,1510.0,,,
two_agent,run_1,SRP_8,MODERATE,JAVA,SRP,SRP,DIP,True,True,1.0,1,3.71,True,124.0,4615.0,906.0,,,
two_agent,run_1,SRP_9,HARD,JAVA,SRP,SRP,DIP,True,True,1.0,1,5.51,True,370.0,12738.0,2568.0,,,
two_agent,run_1,SRP_10,HARD,JAVA,SRP,SRP,OCP,True,True,1.0,1,5.42,True,337.0,13357.0,2597.0,,,
two_agent,run_1,SRP_11,HARD,JAVA,SRP,SRP,OCP,True,True,1.0,1,5.82,True,330.0,12494.0,2630.0,,,
two_agent,run_1,SRP_12,HARD,JAVA,SRP,,,False,False,0.0,0,15.9,False,388.0,16985.0,3462.0,,,
two_agent,run_1,SRP_13,EASY,PYTHON,SRP,SRP,OCP,True,True,1.0,1,12.18,True,10.0,286.0,65.0,,,
two_agent,run_1,SRP_14,EASY,PYTHON,SRP,SRP,OCP,True,True,1.0,1,2.65,True,11.0,423.0,86.0,,,
two_agent,run_1,SRP_15,EASY,PYTHON,SRP,SRP,DIP,True,True,1.0,1,2.3,True,13.0,390.0,95.0,,,
two_agent,run_1,SRP_16,EASY,PYTHON,SRP,SRP,,True,True,1.0,1,2.02,True,10.0,303.0,71.0,,,
two_agent,run_1,SRP_17,MODERATE,PYTHON,SRP,SRP,DIP,True,True,1.0,1,3.11,True,120.0,4007.0,858.0,,,
two_agent,run_1,SRP_18,MODERATE,PYTHON,SRP,SRP,DIP,True,True,1.0,1,4.13,True,195.0,7146.0,1440.0,,,
two_agent,run_1,SRP_19,MODERATE,PYTHON,SRP,SRP,DIP,True,True,1.0,1,4.01,True,167.0,5735.0,1427.0,,,
two_agent,run_1,SRP_20,MODERATE,PYTHON,SRP,SRP,DIP,True,True,1.0,1,3.59,True,89.0,3928.0,840.0,,,
two_agent,run_1,SRP_21,HARD,PYTHON,SRP,SRP,DIP,True,True,1.0,1,5.08,True,254.0,10438.0,2191.0,,,
two_agent,run_1,SRP_22,HARD,PYTHON,SRP,SRP,DIP,True,True,1.0,1,5.64,True,300.0,12992.0,2443.0,,,
two_agent,run_1,SRP_23,HARD,PYTHON,SRP,SRP,DIP,True,True,1.0,1,5.65,True,248.0,11175.0,2445.0,,,
two_agent,run_1,SRP_24,HARD,PYTHON,SRP,SRP,DIP,True,True,1.0,1,5.98,True,329.0,14413.0,2800.0,,,
two_agent,run_1,SRP_25,EASY,KOTLIN,SRP,SRP,OCP,True,True,1.0,1,6.71,True,10.0,229.0,49.0,,,
two_agent,run_1,SRP_26,EASY,KOTLIN,SRP,SRP,OCP,True,True,1.0,1,11.02,True,10.0,305.0,63.0,,,
two_agent,run_1,SRP_27,EASY,KOTLIN,SRP,SRP,OCP,True,True,1.0,1,2.49,True,12.0,330.0,75.0,,,
two_agent,run_1,SRP_28,EASY,KOTLIN,SRP,SRP,,True,True,1.0,1,2.15,True,10.0,267.0,59.0,,,
two_agent,run_1,SRP_29,MODERATE,KOTLIN,SRP,SRP,DIP,True,True,1.0,1,3.48,True,116.0,3523.0,724.0,,,
two_agent,run_1,SRP_30,MODERATE,KOTLIN,SRP,SRP,DIP,True,True,1.0,1,3.96,True,179.0,6179.0,1174.0,,,
two_agent,run_1,SRP_31,MODERATE,KOTLIN,SRP,SRP,OCP,True,True,1.0,1,4.19,True,164.0,5372.0,1253.0,,,
two_agent,run_1,SRP_32,MODERATE,KOTLIN,SRP,SRP,DIP,True,True,1.0,1,3.52,True,102.0,3859.0,742.0,,,
two_agent,run_1,SRP_33,HARD,KOTLIN,SRP,SRP,DIP,True,True,1.0,1,4.85,True,286.0,9834.0,1910.0,,,
two_agent,run_1,SRP_34,HARD,KOTLIN,SRP,SRP,DIP,True,True,1.0,1,11.94,True,260.0,10479.0,1959.0,,,
two_agent,run_1,SRP_35,HARD,KOTLIN,SRP,SRP,OCP,True,True,1.0,1,12.33,True,285.0,10237.0,2089.0,,,
two_agent,run_1,SRP_36,HARD,KOTLIN,SRP,SRP,DIP,True,True,1.0,1,5.96,True,361.0,14620.0,2794.0,,,
two_agent,run_1,SRP_37,EASY,CSHARP,SRP,SRP,,True,True,1.0,1,6.35,True,21.0,428.0,88.0,,,
two_agent,run_1,SRP_38,EASY,CSHARP,SRP,SRP,OCP,True,True,1.0,1,6.83,True,23.0,539.0,94.0,,,
two_agent,run_1,SRP_39,EASY,CSHARP,SRP,SRP,DIP,True,True,1.0,1,2.44,True,25.0,577.0,122.0,,,
two_agent,run_1,SRP_40,EASY,CSHARP,SRP,SRP,,True,True,1.0,1,2.04,True,21.0,421.0,84.0,,,
two_agent,run_1,SRP_41,MODERATE,CSHARP,SRP,SRP,DIP,True,True,1.0,1,3.09,True,184.0,4448.0,842.0,,,
two_agent,run_1,SRP_42,MODERATE,CSHARP,SRP,SRP,DIP,True,True,1.0,1,4.21,True,289.0,7682.0,1387.0,,,
two_agent,run_1,SRP_43,MODERATE,CSHARP,SRP,SRP,DIP,True,True,1.0,1,3.86,True,218.0,5972.0,1368.0,,,
two_agent,run_1,SRP_44,MODERATE,CSHARP,SRP,SRP,DIP,True,True,1.0,1,3.11,True,149.0,4707.0,889.0,,,
two_agent,run_1,SRP_45,HARD,CSHARP,SRP,SRP,DIP,True,True,1.0,1,5.27,True,395.0,12158.0,2323.0,,,
two_agent,run_1,SRP_46,HARD,CSHARP,SRP,SRP,OCP,True,True,1.0,1,5.55,True,384.0,13000.0,2343.0,,,
two_agent,run_1,SRP_47,HARD,CSHARP,SRP,SRP,DIP,True,True,1.0,1,5.71,True,387.0,13890.0,2458.0,,,
two_agent,run_1,SRP_48,HARD,CSHARP,SRP,SRP,OCP,True,True,1.0,1,6.38,True,465.0,16946.0,3214.0,,,
two_agent,run_1,OCP_1,EASY,CSHARP,OCP,OCP,SRP,True,True,1.0,1,2.97,True,72.0,1235.0,237.0,,,
two_agent,run_1,OCP_2,EASY,CSHARP,OCP,SRP,OCP,False,True,0.5,2,12.4,True,50.0,1300.0,224.0,,,
two_agent,run_1,OCP_3,EASY,CSHARP,OCP,OCP,SRP,True,True,1.0,1,13.76,True,49.0,1004.0,202.0,,,
two_agent,run_1,OCP_4,EASY,CSHARP,OCP,OCP,SRP,True,True,1.0,1,12.35,True,53.0,1479.0,282.0,,,
two_agent,run_1,OCP_5,HARD,CSHARP,OCP,OCP,SRP,True,True,1.0,1,6.36,True,459.0,15744.0,3669.0,,,
two_agent,run_1,OCP_6,HARD,CSHARP,OCP,OCP,SRP,True,True,1.0,1,5.27,True,269.0,8599.0,2059.0,,,
two_agent,run_1,OCP_7,HARD,CSHARP,OCP,,,False,False,0.0,0,56.94,False,415.0,16149.0,3425.0,,,
two_agent,run_1,OCP_8,HARD,CSHARP,OCP,,,False,False,0.0,0,9.55,False,398.0,15864.0,3495.0,,,
two_agent,run_1,OCP_9,MODERATE,CSHARP,OCP,OCP,SRP,True,True,1.0,1,3.77,True,208.0,5450.0,1105.0,,,
two_agent,run_1,OCP_10,MODERATE,CSHARP,OCP,SRP,OCP,False,True,0.5,2,8.85,True,112.0,2563.0,537.0,,,
two_agent,run_1,OCP_11,MODERATE,CSHARP,OCP,OCP,SRP,True,True,1.0,1,5.44,True,305.0,9205.0,1844.0,,,
two_agent,run_1,OCP_12,MODERATE,CSHARP,OCP,OCP,SRP,True,True,1.0,1,5.44,True,216.0,10058.0,2191.0,,,
two_agent,run_1,OCP_13,EASY,JAVA,OCP,OCP,SRP,True,True,1.0,1,7.35,True,57.0,1210.0,234.0,,,
two_agent,run_1,OCP_14,EASY,JAVA,OCP,OCP,SRP,True,True,1.0,1,7.83,True,44.0,1316.0,230.0,,,
two_agent,run_1,OCP_15,EASY,JAVA,OCP,OCP,,True,True,1.0,1,11.39,True,38.0,901.0,190.0,,,
two_agent,run_1,OCP_16,EASY,JAVA,OCP,OCP,SRP,True,True,1.0,1,2.55,True,32.0,1218.0,273.0,,,
two_agent,run_1,OCP_17,HARD,JAVA,OCP,OCP,SRP,True,True,1.0,1,6.13,True,433.0,15628.0,3615.0,,,
two_agent,run_1,OCP_18,HARD,JAVA,OCP,OCP,SRP,True,True,1.0,1,4.91,True,210.0,7259.0,1941.0,,,
two_agent,run_1,OCP_19,HARD,JAVA,OCP,,,False,False,0.0,0,15.99,False,414.0,14950.0,3226.0,,,
two_agent,run_1,OCP_20,HARD,JAVA,OCP,OCP,SRP,True,True,1.0,1,6.12,True,359.0,15513.0,3677.0,,,
two_agent,run_1,OCP_21,MODERATE,JAVA,OCP,OCP,SRP,True,True,1.0,1,3.96,True,177.0,5124.0,1093.0,,,
two_agent,run_1,OCP_22,MODERATE,JAVA,OCP,OCP,,True,True,1.0,1,8.63,True,105.0,2985.0,644.0,,,
two_agent,run_1,OCP_23,MODERATE,JAVA,OCP,SRP,OCP,False,True,0.5,2,5.04,True,281.0,9648.0,1921.0,,,
two_agent,run_1,OCP_24,MODERATE,JAVA,OCP,OCP,SRP,True,True,1.0,1,5.14,True,215.0,8998.0,2053.0,,,
two_agent,run_1,OCP_25,EASY,KOTLIN,OCP,OCP,SRP,True,True,1.0,1,12.16,True,32.0,715.0,156.0,,,
two_agent,run_1,OCP_26,EASY,KOTLIN,OCP,OCP,SRP,True,True,1.0,1,7.42,True,27.0,642.0,114.0,,,
two_agent,run_1,OCP_27,EASY,KOTLIN,OCP,OCP,SRP,True,True,1.0,1,13.03,True,29.0,561.0,121.0,,,
two_agent,run_1,OCP_28,EASY,KOTLIN,OCP,OCP,SRP,True,True,1.0,1,7.66,True,26.0,722.0,161.0,,,
two_agent,run_1,OCP_29,HARD,KOTLIN,OCP,OCP,SRP,True,True,1.0,1,5.46,True,291.0,10683.0,2647.0,,,
two_agent,run_1,OCP_30,HARD,KOTLIN,OCP,SRP,OCP,False,True,0.5,2,4.21,True,159.0,5979.0,1652.0,,,
two_agent,run_1,OCP_31,HARD,KOTLIN,OCP,SRP,OCP,False,True,0.5,2,6.07,True,320.0,11420.0,2934.0,,,
two_agent,run_1,OCP_32,HARD,KOTLIN,OCP,SRP,OCP,False,True,0.5,2,5.55,True,287.0,11644.0,2946.0,,,
two_agent,run_1,OCP_33,MODERATE,KOTLIN,OCP,OCP,SRP,True,True,1.0,1,3.87,True,122.0,4047.0,951.0,,,
two_agent,run_1,OCP_34,MODERATE,KOTLIN,OCP,OCP,,True,True,1.0,1,8.29,True,85.0,2208.0,510.0,,,
two_agent,run_1,OCP_35,MODERATE,KOTLIN,OCP,SRP,OCP,False,True,0.5,2,4.71,True,218.0,6916.0,1671.0,,,
two_agent,run_1,OCP_36,MODERATE,KOTLIN,OCP,SRP,OCP,False,True,0.5,2,4.51,True,185.0,6791.0,1556.0,,,
two_agent,run_1,OCP_37,EASY,PYTHON,OCP,OCP,SRP,True,True,1.0,1,12.95,True,41.0,935.0,194.0,,,
two_agent,run_1,OCP_38,EASY,PYTHON,OCP,OCP,SRP,True,True,1.0,1,3.56,True,39.0,1028.0,197.0,,,
two_agent,run_1,OCP_39,EASY,PYTHON,OCP,OCP,SRP,True,True,1.0,1,2.95,True,47.0,901.0,191.0,,,
two_agent,run_1,OCP_40,EASY,PYTHON,OCP,OCP,SRP,True,True,1.0,1,3.04,True,43.0,1098.0,247.0,,,
two_agent,run_1,OCP_41,HARD,PYTHON,OCP,OCP,SRP,True,True,1.0,1,5.81,True,375.0,11987.0,2980.0,,,
two_agent,run_1,OCP_42,HARD,PYTHON,OCP,OCP,SRP,True,True,1.0,1,4.98,True,263.0,7531.0,1970.0,,,
two_agent,run_1,OCP_43,HARD,PYTHON,OCP,SRP,OCP,False,True,0.5,2,6.11,True,317.0,11169.0,2855.0,,,
two_agent,run_1,OCP_44,HARD,PYTHON,OCP,OCP,SRP,True,True,1.0,1,6.0,True,281.0,11552.0,3174.0,,,
two_agent,run_1,OCP_45,MODERATE,PYTHON,OCP,OCP,SRP,True,True,1.0,1,3.94,True,155.0,4320.0,1040.0,,,
two_agent,run_1,OCP_46,MODERATE,PYTHON,OCP,OCP,SRP,True,True,1.0,1,3.68,True,104.0,2760.0,621.0,,,
two_agent,run_1,OCP_47,MODERATE,PYTHON,OCP,OCP,SRP,True,True,1.0,1,5.34,True,217.0,7648.0,1898.0,,,
two_agent,run_1,OCP_48,MODERATE,PYTHON,OCP,OCP,SRP,True,True,1.0,1,4.72,True,184.0,7522.0,1974.0,,,
two_agent,run_1,LSP_1,EASY,JAVA,LSP,LSP,OCP,True,True,1.0,1,13.33,True,25.0,481.0,103.0,,,
two_agent,run_1,LSP_2,EASY,PYTHON,LSP,LSP,SRP,True,True,1.0,1,12.52,True,15.0,309.0,76.0,,,
two_agent,run_1,LSP_3,EASY,KOTLIN,LSP,LSP,,True,True,1.0,1,2.52,True,23.0,384.0,87.0,,,
two_agent,run_1,LSP_4,EASY,C#,LSP,LSP,,True,True,1.0,1,2.35,True,31.0,473.0,98.0,,,
two_agent,run_1,LSP_5,MODERATE,JAVA,LSP,SRP,LSP,False,True,0.5,2,3.15,True,92.0,2277.0,439.0,,,
two_agent,run_1,LSP_6,MODERATE,PYTHON,LSP,LSP,SRP,True,True,1.0,1,7.77,True,67.0,1841.0,377.0,,,
two_agent,run_1,LSP_7,MODERATE,KOTLIN,LSP,SRP,OCP,False,False,0.0,0,2.8,False,58.0,1632.0,344.0,,,
two_agent,run_1,LSP_8,MODERATE,C#,LSP,LSP,DIP,True,True,1.0,1,8.08,True,93.0,2189.0,422.0,,,
two_agent,run_1,LSP_9,HARD,JAVA,LSP,SRP,OCP,False,False,0.0,0,4.44,False,233.0,7879.0,1520.0,,,
two_agent,run_1,LSP_10,HARD,PYTHON,LSP,SRP,OCP,False,False,0.0,0,4.4,False,230.0,7392.0,1436.0,,,
two_agent,run_1,LSP_11,HARD,KOTLIN,LSP,SRP,LSP,False,True,0.5,2,4.46,True,176.0,5663.0,1116.0,,,
two_agent,run_1,LSP_12,HARD,C#,LSP,SRP,OCP,False,False,0.0,0,4.36,False,253.0,7497.0,1397.0,,,
two_agent,run_1,LSP_13,EASY,JAVA,LSP,SRP,OCP,False,False,0.0,0,11.27,False,22.0,679.0,124.0,,,
two_agent,run_1,LSP_14,EASY,PYTHON,LSP,OCP,DIP,False,False,0.0,0,12.87,False,13.0,488.0,99.0,,,
two_agent,run_1,LSP_15,EASY,KOTLIN,LSP,OCP,,False,False,0.0,0,12.06,False,20.0,582.0,108.0,,,
two_agent,run_1,LSP_16,EASY,C#,LSP,OCP,SRP,False,False,0.0,0,14.43,False,28.0,681.0,124.0,,,
two_agent,run_1,LSP_17,MODERATE,JAVA,LSP,SRP,OCP,False,False,0.0,0,15.74,False,111.0,3277.0,542.0,,,
two_agent,run_1,LSP_18,MODERATE,PYTHON,LSP,SRP,OCP,False,False,0.0,0,15.23,False,75.0,2418.0,422.0,,,
two_agent,run_1,LSP_19,MODERATE,KOTLIN,LSP,SRP,OCP,False,False,0.0,0,14.98,False,64.0,2369.0,429.0,,,
two_agent,run_1,LSP_20,MODERATE,C#,LSP,SRP,OCP,False,False,0.0,0,15.11,False,126.0,3434.0,551.0,,,
two_agent,run_1,LSP_21,HARD,JAVA,LSP,SRP,OCP,False,False,0.0,0,3.79,False,226.0,8552.0,1432.0,,,
two_agent,run_1,LSP_22,HARD,PYTHON,LSP,SRP,OCP,False,False,0.0,0,3.76,False,192.0,7006.0,1222.0,,,
two_agent,run_1,LSP_23,HARD,KOTLIN,LSP,SRP,OCP,False,False,0.0,0,4.43,False,249.0,8058.0,1313.0,,,
two_agent,run_1,LSP_24,HARD,C#,LSP,SRP,OCP,False,False,0.0,0,4.17,False,324.0,9455.0,1470.0,,,
two_agent,run_1,LSP_25,EASY,JAVA,LSP,OCP,DIP,False,False,0.0,0,2.65,False,35.0,952.0,148.0,,,
two_agent,run_1,LSP_26,EASY,PYTHON,LSP,SRP,DIP,False,False,0.0,0,6.95,False,24.0,762.0,153.0,,,
two_agent,run_1,LSP_27,EASY,KOTLIN,LSP,OCP,SRP,False,False,0.0,0,12.2,False,30.0,890.0,144.0,,,
two_agent,run_1,LSP_28,EASY,C#,LSP,SRP,DIP,False,False,0.0,0,11.13,False,42.0,1123.0,193.0,,,
two_agent,run_1,LSP_29,MODERATE,JAVA,LSP,SRP,OCP,False,False,0.0,0,7.91,False,114.0,3897.0,783.0,,,
two_agent,run_1,LSP_30,MODERATE,PYTHON,LSP,OCP,SRP,False,False,0.0,0,3.55,False,88.0,3657.0,722.0,,,
two_agent,run_1,LSP_31,MODERATE,KOTLIN,LSP,SRP,OCP,False,False,0.0,0,3.36,False,94.0,3503.0,622.0,,,
two_agent,run_1,LSP_32,MODERATE,C#,LSP,SRP,OCP,False,False,0.0,0,14.12,False,145.0,4433.0,776.0,,,
two_agent,run_1,LSP_33,HARD,JAVA,LSP,SRP,OCP,False,False,0.0,0,4.31,False,277.0,9959.0,1726.0,,,
two_agent,run_1,LSP_34,HARD,PYTHON,LSP,SRP,OCP,False,False,0.0,0,5.25,False,317.0,12199.0,1961.0,,,
two_agent,run_1,LSP_35,HARD,KOTLIN,LSP,SRP,OCP,False,False,0.0,0,4.91,False,358.0,12785.0,2019.0,,,
two_agent,run_1,LSP_36,HARD,C#,LSP,SRP,OCP,False,False,0.0,0,5.36,False,458.0,14758.0,2270.0,,,
two_agent,run_1,LSP_37,EASY,JAVA,LSP,SRP,OCP,False,False,0.0,0,12.54,False,38.0,855.0,161.0,,,
two_agent,run_1,LSP_38,EASY,PYTHON,LSP,SRP,OCP,False,False,0.0,0,3.01,False,33.0,740.0,149.0,,,
two_agent,run_1,LSP_39,EASY,KOTLIN,LSP,OCP,SRP,False,False,0.0,0,12.13,False,24.0,577.0,116.0,,,
two_agent,run_1,LSP_40,EASY,C#,LSP,SRP,OCP,False,False,0.0,0,12.69,False,42.0,864.0,159.0,,,
two_agent,run_1,LSP_41,MODERATE,JAVA,LSP,SRP,DIP,False,False,0.0,0,8.07,False,91.0,2684.0,511.0,,,
two_agent,run_1,LSP_42,MODERATE,PYTHON,LSP,SRP,OCP,False,False,0.0,0,14.21,False,82.0,2262.0,437.0,,,
two_agent,run_1,LSP_43,MODERATE,KOTLIN,LSP,SRP,OCP,False,False,0.0,0,15.18,False,71.0,2017.0,369.0,,,
two_agent,run_1,LSP_44,MODERATE,C#,LSP,SRP,OCP,False,False,0.0,0,13.12,False,112.0,2849.0,515.0,,,
two_agent,run_1,LSP_45,HARD,JAVA,LSP,SRP,OCP,False,False,0.0,0,4.63,False,212.0,8668.0,1509.0,,,
two_agent,run_1,LSP_46,HARD,PYTHON,LSP,SRP,OCP,False,False,0.0,0,9.01,False,164.0,6480.0,1225.0,,,
two_agent,run_1,LSP_47,HARD,KOTLIN,LSP,SRP,DIP,False,False,0.0,0,15.61,False,202.0,6693.0,1137.0,,,
two_agent,run_1,LSP_48,HARD,C#,LSP,SRP,OCP,False,False,0.0,0,19.1,False,272.0,8682.0,1487.0,,,
two_agent,run_1,ISP_1,EASY,CSHARP,ISP,ISP,OCP,True,True,1.0,1,8.34,True,89.0,1737.0,335.0,,,
two_agent,run_1,ISP_2,EASY,CSHARP,ISP,LSP,ISP,False,True,0.5,2,3.57,True,94.0,2055.0,397.0,,,
two_agent,run_1,ISP_3,EASY,CSHARP,ISP,SRP,ISP,False,True,0.5,2,11.92,True,63.0,1140.0,225.0,,,
two_agent,run_1,ISP_4,EASY,CSHARP,ISP,LSP,ISP,False,True,0.5,2,3.04,True,44.0,664.0,140.0,,,
two_agent,run_1,ISP_5,HARD,CSHARP,ISP,SRP,OCP,False,False,0.0,0,5.25,False,511.0,11621.0,2179.0,,,
two_agent,run_1,ISP_6,HARD,CSHARP,ISP,SRP,OCP,False,False,0.0,0,12.81,False,461.0,10993.0,2063.0,,,
two_agent,run_1,ISP_7,HARD,CSHARP,ISP,SRP,OCP,False,False,0.0,0,6.78,False,660.0,17075.0,3079.0,,,
two_agent,run_1,ISP_8,HARD,CSHARP,ISP,SRP,ISP,False,True,0.5,2,17.02,True,473.0,10539.0,1842.0,,,
two_agent,run_1,ISP_9,MODERATE,CSHARP,ISP,SRP,OCP,False,False,0.0,0,9.43,False,287.0,6316.0,1191.0,,,
two_agent,run_1,ISP_10,MODERATE,CSHARP,ISP,SRP,OCP,False,False,0.0,0,16.29,False,259.0,6299.0,1201.0,,,
two_agent,run_1,ISP_11,MODERATE,CSHARP,ISP,SRP,ISP,False,True,0.5,2,3.55,True,149.0,2838.0,539.0,,,
two_agent,run_1,ISP_12,MODERATE,CSHARP,ISP,SRP,OCP,False,False,0.0,0,15.63,False,291.0,5721.0,1030.0,,,
two_agent,run_1,ISP_13,EASY,JAVA,ISP,OCP,ISP,False,True,0.5,2,3.18,True,77.0,1793.0,362.0,,,
two_agent,run_1,ISP_14,EASY,JAVA,ISP,OCP,ISP,False,True,0.5,2,2.96,True,88.0,2183.0,430.0,,,
two_agent,run_1,ISP_15,EASY,JAVA,ISP,ISP,LSP,True,True,1.0,1,13.33,True,48.0,1121.0,240.0,,,
two_agent,run_1,ISP_16,EASY,JAVA,ISP,ISP,LSP,True,True,1.0,1,7.11,True,34.0,654.0,147.0,,,
two_agent,run_1,ISP_17,HARD,JAVA,ISP,SRP,OCP,False,False,0.0,0,5.25,False,416.0,11445.0,2334.0,,,
two_agent,run_1,ISP_18,HARD,JAVA,ISP,SRP,OCP,False,False,0.0,0,5.66,False,436.0,11756.0,2280.0,,,
two_agent,run_1,ISP_19,HARD,JAVA,ISP,SRP,OCP,False,False,0.0,0,5.83,False,482.0,15667.0,3266.0,,,
two_agent,run_1,ISP_20,HARD,JAVA,ISP,SRP,OCP,False,False,0.0,0,4.47,False,351.0,10063.0,1914.0,,,
two_agent,run_1,ISP_21,MODERATE,JAVA,ISP,SRP,OCP,False,False,0.0,0,9.09,False,226.0,6148.0,1278.0,,,
two_agent,run_1,ISP_22,MODERATE,JAVA,ISP,SRP,OCP,False,False,0.0,0,17.05,False,246.0,6487.0,1304.0,,,
two_agent,run_1,ISP_23,MODERATE,JAVA,ISP,SRP,ISP,False,True,0.5,2,12.41,True,113.0,2744.0,578.0,,,
two_agent,run_1,ISP_24,MODERATE,JAVA,ISP,SRP,OCP,False,False,0.0,0,15.58,False,220.0,5450.0,1074.0,,,
two_agent,run_1,ISP_25,EASY,KOTLIN,ISP,ISP,OCP,True,True,1.0,1,7.83,True,57.0,1378.0,271.0,,,
two_agent,run_1,ISP_26,EASY,KOTLIN,ISP,OCP,LSP,False,False,0.0,0,2.86,False,79.0,1898.0,342.0,,,
two_agent,run_1,ISP_27,EASY,KOTLIN,ISP,SRP,ISP,False,True,0.5,2,2.81,True,47.0,988.0,192.0,,,
two_agent,run_1,ISP_28,EASY,KOTLIN,ISP,ISP,LSP,True,True,1.0,1,2.97,True,34.0,571.0,117.0,,,
two_agent,run_1,ISP_29,HARD,KOTLIN,ISP,SRP,OCP,False,False,0.0,0,4.35,False,331.0,9289.0,1790.0,,,
two_agent,run_1,ISP_30,HARD,KOTLIN,ISP,SRP,OCP,False,False,0.0,0,11.91,False,371.0,9990.0,1827.0,,,
two_agent,run_1,ISP_31,HARD,KOTLIN,ISP,ISP,DIP,True,True,1.0,1,20.19,True,482.0,13948.0,2576.0,,,
two_agent,run_1,ISP_32,HARD,KOTLIN,ISP,SRP,OCP,False,False,0.0,0,9.79,False,310.0,8522.0,1485.0,,,
two_agent,run_1,ISP_33,MODERATE,KOTLIN,ISP,SRP,OCP,False,False,0.0,0,3.91,False,189.0,5219.0,977.0,,,
two_agent,run_1,ISP_34,MODERATE,KOTLIN,ISP,SRP,ISP,False,True,0.5,2,15.12,True,209.0,5799.0,1085.0,,,
two_agent,run_1,ISP_35,MODERATE,KOTLIN,ISP,SRP,ISP,False,True,0.5,2,3.51,True,112.0,2448.0,462.0,,,
two_agent,run_1,ISP_36,MODERATE,KOTLIN,ISP,ISP,SRP,True,True,1.0,1,15.24,True,166.0,4233.0,781.0,,,
two_agent,run_1,ISP_37,EASY,PYTHON,ISP,SRP,OCP,False,False,0.0,0,13.85,False,60.0,1516.0,327.0,,,
two_agent,run_1,ISP_38,EASY,PYTHON,ISP,OCP,ISP,False,True,0.5,2,3.02,True,81.0,2099.0,413.0,,,
two_agent,run_1,ISP_39,EASY,PYTHON,ISP,SRP,ISP,False,True,0.5,2,7.41,True,44.0,1045.0,206.0,,,
two_agent,run_1,ISP_40,EASY,PYTHON,ISP,OCP,ISP,False,True,0.5,2,3.15,True,34.0,629.0,134.0,,,
two_agent,run_1,ISP_41,HARD,PYTHON,ISP,SRP,OCP,False,False,0.0,0,4.78,False,328.0,9475.0,1983.0,,,
two_agent,run_1,ISP_42,HARD,PYTHON,ISP,SRP,OCP,False,False,0.0,0,4.64,False,357.0,10176.0,1938.0,,,
two_agent,run_1,ISP_43,HARD,PYTHON,ISP,SRP,OCP,False,False,0.0,0,5.84,False,425.0,13827.0,2633.0,,,
two_agent,run_1,ISP_44,HARD,PYTHON,ISP,SRP,OCP,False,False,0.0,0,9.59,False,295.0,8947.0,1624.0,,,
two_agent,run_1,ISP_45,MODERATE,PYTHON,ISP,SRP,OCP,False,False,0.0,0,3.86,False,178.0,5209.0,1105.0,,,
two_agent,run_1,ISP_46,MODERATE,PYTHON,ISP,SRP,OCP,False,False,0.0,0,15.31,False,202.0,5849.0,1163.0,,,
two_agent,run_1,ISP_47,MODERATE,PYTHON,ISP,SRP,ISP,False,True,0.5,2,12.49,True,108.0,2625.0,505.0,,,
two_agent,run_1,ISP_48,MODERATE,PYTHON,ISP,SRP,OCP,False,False,0.0,0,12.85,False,177.0,4573.0,909.0,,,
two_agent,run_1,DIP_1,EASY,JAVA,DIP,SRP,DIP,False,True,0.5,2,2.42,True,23.0,593.0,121.0,,,
two_agent,run_1,DIP_2,EASY,PYTHON,DIP,SRP,DIP,False,True,0.5,2,2.78,True,15.0,441.0,100.0,,,
two_agent,run_1,DIP_3,EASY,KOTLIN,DIP,SRP,DIP,False,True,0.5,2,2.77,True,19.0,441.0,90.0,,,
two_agent,run_1,DIP_4,EASY,C#,DIP,SRP,DIP,False,True,0.5,2,2.58,True,29.0,591.0,114.0,,,
two_agent,run_1,DIP_5,MODERATE,JAVA,DIP,SRP,DIP,False,True,0.5,2,2.92,True,77.0,2288.0,427.0,,,
two_agent,run_1,DIP_6,MODERATE,PYTHON,DIP,SRP,DIP,False,True,0.5,2,2.66,True,54.0,1844.0,361.0,,,
two_agent,run_1,DIP_7,MODERATE,KOTLIN,DIP,SRP,DIP,False,True,0.5,2,2.77,True,65.0,1828.0,337.0,,,
two_agent,run_1,DIP_8,MODERATE,C#,DIP,SRP,DIP,False,True,0.5,2,2.69,True,94.0,2405.0,429.0,,,
two_agent,run_1,DIP_9,HARD,JAVA,DIP,SRP,DIP,False,True,0.5,2,3.53,True,229.0,8620.0,1493.0,,,
two_agent,run_1,DIP_10,HARD,PYTHON,DIP,SRP,DIP,False,True,0.5,2,14.98,True,167.0,6938.0,1281.0,,,
two_agent,run_1,DIP_11,HARD,KOTLIN,DIP,SRP,DIP,False,True,0.5,2,3.69,True,191.0,6234.0,1071.0,,,
two_agent,run_1,DIP_12,HARD,C#,DIP,SRP,DIP,False,True,0.5,2,3.53,True,267.0,8372.0,1398.0,,,
two_agent,run_1,DIP_13,EASY,JAVA,DIP,DIP,SRP,True,True,1.0,1,6.65,True,18.0,465.0,77.0,,,
two_agent,run_1,DIP_14,EASY,PYTHON,DIP,DIP,SRP,True,True,1.0,1,6.39,True,11.0,331.0,59.0,,,
two_agent,run_1,DIP_15,EASY,KOTLIN,DIP,DIP,OCP,True,True,1.0,1,10.82,True,14.0,344.0,59.0,,,
two_agent,run_1,DIP_16,EASY,C#,DIP,DIP,,True,True,1.0,1,6.15,True,23.0,463.0,72.0,,,
two_agent,run_1,DIP_17,MODERATE,JAVA,DIP,OCP,SRP,False,False,0.0,0,13.95,False,56.0,1872.0,363.0,,,
two_agent,run_1,DIP_18,MODERATE,PYTHON,DIP,OCP,SRP,False,False,0.0,0,7.73,False,41.0,1407.0,285.0,,,
two_agent,run_1,DIP_19,MODERATE,KOTLIN,DIP,OCP,SRP,False,False,0.0,0,3.07,False,53.0,1600.0,289.0,,,
two_agent,run_1,DIP_20,MODERATE,C#,DIP,OCP,SRP,False,False,0.0,0,13.57,False,76.0,1950.0,346.0,,,
two_agent,run_1,DIP_21,HARD,JAVA,DIP,SRP,OCP,False,False,0.0,0,4.08,False,207.0,8107.0,1494.0,,,
two_agent,run_1,DIP_22,HARD,PYTHON,DIP,OCP,SRP,False,False,0.0,0,4.01,False,145.0,6645.0,1326.0,,,
two_agent,run_1,DIP_23,HARD,KOTLIN,DIP,SRP,OCP,False,False,0.0,0,3.69,False,155.0,6261.0,1145.0,,,
two_agent,run_1,DIP_24,HARD,C#,DIP,SRP,OCP,False,False,0.0,0,4.15,False,235.0,8702.0,1381.0,,,
two_agent,run_1,DIP_25,EASY,JAVA,DIP,SRP,DIP,False,True,0.5,2,2.82,True,22.0,583.0,111.0,,,
two_agent,run_1,DIP_26,EASY,PYTHON,DIP,SRP,DIP,False,True,0.5,2,2.77,True,18.0,496.0,86.0,,,
two_agent,run_1,DIP_27,EASY,KOTLIN,DIP,SRP,DIP,False,True,0.5,2,2.49,True,22.0,531.0,98.0,,,
two_agent,run_1,DIP_28,EASY,C#,DIP,SRP,DIP,False,True,0.5,2,7.35,True,31.0,595.0,91.0,,,
two_agent,run_1,DIP_29,MODERATE,JAVA,DIP,SRP,DIP,False,True,0.5,2,7.9,True,72.0,2198.0,409.0,,,
two_agent,run_1,DIP_30,MODERATE,PYTHON,DIP,SRP,DIP,False,True,0.5,2,7.81,True,58.0,1890.0,334.0,,,
two_agent,run_1,DIP_31,MODERATE,KOTLIN,DIP,SRP,DIP,False,True,0.5,2,3.15,True,63.0,1838.0,353.0,,,
two_agent,run_1,DIP_32,MODERATE,C#,DIP,SRP,OCP,False,False,0.0,0,3.21,False,91.0,2078.0,332.0,,,
two_agent,run_1,DIP_33,HARD,JAVA,DIP,SRP,OCP,False,False,0.0,0,3.98,False,164.0,6576.0,1156.0,,,
two_agent,run_1,DIP_34,HARD,PYTHON,DIP,SRP,DIP,False,True,0.5,2,3.94,True,152.0,6056.0,1102.0,,,
two_agent,run_1,DIP_35,HARD,KOTLIN,DIP,SRP,OCP,False,False,0.0,0,4.6,False,244.0,8715.0,1532.0,,,
two_agent,run_1,DIP_36,HARD,C#,DIP,SRP,OCP,False,False,0.0,0,4.88,False,305.0,10242.0,1817.0,,,
two_agent,run_1,DIP_37,EASY,JAVA,DIP,DIP,OCP,True,True,1.0,1,2.75,True,17.0,479.0,85.0,,,
two_agent,run_1,DIP_38,EASY,PYTHON,DIP,DIP,SRP,True,True,1.0,1,2.81,True,10.0,344.0,67.0,,,
two_agent,run_1,DIP_39,EASY,KOTLIN,DIP,DIP,OCP,True,True,1.0,1,2.92,True,13.0,348.0,64.0,,,
two_agent,run_1,DIP_40,EASY,C#,DIP,DIP,SRP,True,True,1.0,1,2.88,True,22.0,479.0,81.0,,,
two_agent,run_1,DIP_41,MODERATE,JAVA,DIP,DIP,OCP,True,True,1.0,1,12.25,True,62.0,2021.0,336.0,,,
two_agent,run_1,DIP_42,MODERATE,PYTHON,DIP,SRP,DIP,False,True,0.5,2,7.04,True,40.0,1586.0,277.0,,,
two_agent,run_1,DIP_43,MODERATE,KOTLIN,DIP,,,False,False,0.0,0,6.07,False,46.0,1576.0,275.0,,,
two_agent,run_1,DIP_44,MODERATE,C#,DIP,SRP,OCP,False,False,0.0,0,3.09,False,77.0,2059.0,330.0,,,
two_agent,run_1,DIP_45,HARD,JAVA,DIP,SRP,ISP,False,False,0.0,0,8.35,False,138.0,5087.0,945.0,,,
two_agent,run_1,DIP_46,HARD,PYTHON,DIP,SRP,DIP,False,True,0.5,2,3.24,True,106.0,4499.0,850.0,,,
two_agent,run_1,DIP_47,HARD,KOTLIN,DIP,SRP,DIP,False,True,0.5,2,3.06,True,127.0,4464.0,805.0,,,
two_agent,run_1,DIP_48,HARD,C#,DIP,SRP,DIP,False,True,0.5,2,3.39,True,170.0,5347.0,962.0,,,
two_agent,run_2,SRP_1,EASY,JAVA,SRP,SRP,,True,True,1.0,1,3.97,True,17.0,409.0,85.0,,,
two_agent,run_2,SRP_2,EASY,JAVA,SRP,SRP,,True,True,1.0,1,1.71,True,19.0,534.0,96.0,,,
two_agent,run_2,SRP_3,EASY,JAVA,SRP,SRP,,True,True,1.0,1,1.57,True,21.0,569.0,122.0,,,
two_agent,run_2,SRP_4,EASY,JAVA,SRP,SRP,,True,True,1.0,1,1.62,True,17.0,416.0,86.0,,,
two_agent,run_2,SRP_5,MODERATE,JAVA,SRP,SRP,,True,True,1.0,1,2.62,True,168.0,4688.0,922.0,,,
two_agent,run_2,SRP_6,MODERATE,JAVA,SRP,SRP,,True,True,1.0,1,3.39,True,256.0,7899.0,1471.0,,,
two_agent,run_2,SRP_7,MODERATE,JAVA,SRP,SRP,,True,True,1.0,1,3.26,True,185.0,6117.0,1510.0,,,
two_agent,run_2,SRP_8,MODERATE,JAVA,SRP,SRP,,True,True,1.0,1,2.84,True,124.0,4615.0,906.0,,,
two_agent,run_2,SRP_9,HARD,JAVA,SRP,SRP,,True,True,1.0,1,4.35,True,370.0,12738.0,2568.0,,,
two_agent,run_2,SRP_10,HARD,JAVA,SRP,SRP,,True,True,1.0,1,4.37,True,337.0,13357.0,2597.0,,,
two_agent,run_2,SRP_11,HARD,JAVA,SRP,SRP,,True,True,1.0,1,4.47,True,330.0,12494.0,2630.0,,,
two_agent,run_2,SRP_12,HARD,JAVA,SRP,,,False,False,0.0,0,17.17,False,388.0,16985.0,3462.0,,,
two_agent,run_2,SRP_13,EASY,PYTHON,SRP,SRP,,True,True,1.0,1,1.8,True,10.0,286.0,65.0,,,
two_agent,run_2,SRP_14,EASY,PYTHON,SRP,SRP,,True,True,1.0,1,1.66,True,11.0,423.0,86.0,,,
two_agent,run_2,SRP_15,EASY,PYTHON,SRP,SRP,,True,True,1.0,1,1.56,True,13.0,390.0,95.0,,,
two_agent,run_2,SRP_16,EASY,PYTHON,SRP,SRP,,True,True,1.0,1,1.64,True,10.0,303.0,71.0,,,
two_agent,run_2,SRP_17,MODERATE,PYTHON,SRP,SRP,,True,True,1.0,1,2.54,True,120.0,4007.0,858.0,,,
two_agent,run_2,SRP_18,MODERATE,PYTHON,SRP,SRP,,True,True,1.0,1,3.29,True,195.0,7146.0,1440.0,,,
two_agent,run_2,SRP_19,MODERATE,PYTHON,SRP,SRP,,True,True,1.0,1,3.37,True,167.0,5735.0,1427.0,,,
two_agent,run_2,SRP_20,MODERATE,PYTHON,SRP,SRP,,True,True,1.0,1,2.66,True,89.0,3928.0,840.0,,,
two_agent,run_2,SRP_21,HARD,PYTHON,SRP,SRP,,True,True,1.0,1,4.02,True,254.0,10438.0,2191.0,,,
two_agent,run_2,SRP_22,HARD,PYTHON,SRP,SRP,,True,True,1.0,1,4.48,True,300.0,12992.0,2443.0,,,
two_agent,run_2,SRP_23,HARD,PYTHON,SRP,SRP,,True,True,1.0,1,4.43,True,248.0,11175.0,2445.0,,,
two_agent,run_2,SRP_24,HARD,PYTHON,SRP,SRP,,True,True,1.0,1,4.98,True,329.0,14413.0,2800.0,,,
two_agent,run_2,SRP_25,EASY,KOTLIN,SRP,SRP,,True,True,1.0,1,1.76,True,10.0,229.0,49.0,,,
two_agent,run_2,SRP_26,EASY,KOTLIN,SRP,SRP,,True,True,1.0,1,1.76,True,10.0,305.0,63.0,,,
two_agent,run_2,SRP_27,EASY,KOTLIN,SRP,SRP,,True,True,1.0,1,1.74,True,12.0,330.0,75.0,,,
two_agent,run_2,SRP_28,EASY,KOTLIN,SRP,SRP,,True,True,1.0,1,1.63,True,10.0,267.0,59.0,,,
two_agent,run_2,SRP_29,MODERATE,KOTLIN,SRP,SRP,,True,True,1.0,1,2.58,True,116.0,3523.0,724.0,,,
two_agent,run_2,SRP_30,MODERATE,KOTLIN,SRP,SRP,,True,True,1.0,1,3.11,True,179.0,6179.0,1174.0,,,
two_agent,run_2,SRP_31,MODERATE,KOTLIN,SRP,SRP,,True,True,1.0,1,2.86,True,164.0,5372.0,1253.0,,,
two_agent,run_2,SRP_32,MODERATE,KOTLIN,SRP,SRP,,True,True,1.0,1,2.8,True,102.0,3859.0,742.0,,,
two_agent,run_2,SRP_33,HARD,KOTLIN,SRP,SRP,,True,True,1.0,1,3.95,True,286.0,9834.0,1910.0,,,
two_agent,run_2,SRP_34,HARD,KOTLIN,SRP,SRP,,True,True,1.0,1,4.0,True,260.0,10479.0,1959.0,,,
two_agent,run_2,SRP_35,HARD,KOTLIN,SRP,SRP,,True,True,1.0,1,4.05,True,285.0,10237.0,2089.0,,,
two_agent,run_2,SRP_36,HARD,KOTLIN,SRP,SRP,,True,True,1.0,1,4.94,True,361.0,14620.0,2794.0,,,
two_agent,run_2,SRP_37,EASY,CSHARP,SRP,SRP,,True,True,1.0,1,1.84,True,21.0,428.0,88.0,,,
two_agent,run_2,SRP_38,EASY,CSHARP,SRP,SRP,,True,True,1.0,1,1.96,True,23.0,539.0,94.0,,,
two_agent,run_2,SRP_39,EASY,CSHARP,SRP,SRP,,True,True,1.0,1,1.79,True,25.0,577.0,122.0,,,
two_agent,run_2,SRP_40,EASY,CSHARP,SRP,SRP,,True,True,1.0,1,1.65,True,21.0,421.0,84.0,,,
two_agent,run_2,SRP_41,MODERATE,CSHARP,SRP,SRP,,True,True,1.0,1,2.69,True,184.0,4448.0,842.0,,,
two_agent,run_2,SRP_42,MODERATE,CSHARP,SRP,SRP,,True,True,1.0,1,3.25,True,289.0,7682.0,1387.0,,,
two_agent,run_2,SRP_43,MODERATE,CSHARP,SRP,SRP,,True,True,1.0,1,3.08,True,218.0,5972.0,1368.0,,,
two_agent,run_2,SRP_44,MODERATE,CSHARP,SRP,SRP,,True,True,1.0,1,2.76,True,149.0,4707.0,889.0,,,
two_agent,run_2,SRP_45,HARD,CSHARP,SRP,SRP,,True,True,1.0,1,4.13,True,395.0,12158.0,2323.0,,,
two_agent,run_2,SRP_46,HARD,CSHARP,SRP,SRP,,True,True,1.0,1,4.27,True,384.0,13000.0,2343.0,,,
two_agent,run_2,SRP_47,HARD,CSHARP,SRP,SRP,,True,True,1.0,1,4.38,True,387.0,13890.0,2458.0,,,
two_agent,run_2,SRP_48,HARD,CSHARP,SRP,SRP,,True,True,1.0,1,5.24,True,465.0,16946.0,3214.0,,,
two_agent,run_2,OCP_1,EASY,CSHARP,OCP,OCP,,True,True,1.0,1,2.23,True,72.0,1235.0,237.0,,,
two_agent,run_2,OCP_2,EASY,CSHARP,OCP,OCP,,True,True,1.0,1,2.21,True,50.0,1300.0,224.0,,,
two_agent,run_2,OCP_3,EASY,CSHARP,OCP,OCP,,True,True,1.0,1,2.28,True,49.0,1004.0,202.0,,,
two_agent,run_2,OCP_4,EASY,CSHARP,OCP,OCP,,True,True,1.0,1,2.32,True,53.0,1479.0,282.0,,,
two_agent,run_2,OCP_5,HARD,CSHARP,OCP,SRP,,False,False,0.0,0,5.13,False,459.0,15744.0,3669.0,,,
two_agent,run_2,OCP_6,HARD,CSHARP,OCP,SRP,,False,False,0.0,0,3.97,False,269.0,8599.0,2059.0,,,
two_agent,run_2,OCP_7,HARD,CSHARP,OCP,,,False,False,0.0,0,19.36,False,415.0,16149.0,3425.0,,,
two_agent,run_2,OCP_8,HARD,CSHARP,OCP,,,False,False,0.0,0,9.7,False,398.0,15864.0,3495.0,,,
two_agent,run_2,OCP_9,MODERATE,CSHARP,OCP,OCP,,True,True,1.0,1,2.91,True,208.0,5450.0,1105.0,,,
two_agent,run_2,OCP_10,MODERATE,CSHARP,OCP,OCP,,True,True,1.0,1,2.59,True,112.0,2563.0,537.0,,,
two_agent,run_2,OCP_11,MODERATE,CSHARP,OCP,SRP,,False,False,0.0,0,18.0,False,305.0,9205.0,1844.0,,,
two_agent,run_2,OCP_12,MODERATE,CSHARP,OCP,SRP,,False,False,0.0,0,4.12,False,216.0,10058.0,2191.0,,,
two_agent,run_2,OCP_13,EASY,JAVA,OCP,OCP,,True,True,1.0,1,2.24,True,57.0,1210.0,234.0,,,
two_agent,run_2,OCP_14,EASY,JAVA,OCP,OCP,,True,True,1.0,1,2.5,True,44.0,1316.0,230.0,,,
two_agent,run_2,OCP_15,EASY,JAVA,OCP,OCP,,True,True,1.0,1,2.2,True,38.0,901.0,190.0,,,
two_agent,run_2,OCP_16,EASY,JAVA,OCP,OCP,,True,True,1.0,1,2.41,True,32.0,1218.0,273.0,,,
two_agent,run_2,OCP_17,HARD,JAVA,OCP,SRP,,False,False,0.0,0,4.8,False,433.0,15628.0,3615.0,,,
two_agent,run_2,OCP_18,HARD,JAVA,OCP,SRP,,False,False,0.0,0,3.61,False,210.0,7259.0,1941.0,,,
two_agent,run_2,OCP_19,HARD,JAVA,OCP,OCP,,True,True,1.0,1,11.95,True,414.0,14950.0,3226.0,,,
two_agent,run_2,OCP_20,HARD,JAVA,OCP,SRP,,False,False,0.0,0,5.28,False,359.0,15513.0,3677.0,,,
two_agent,run_2,OCP_21,MODERATE,JAVA,OCP,OCP,,True,True,1.0,1,2.96,True,177.0,5124.0,1093.0,,,
two_agent,run_2,OCP_22,MODERATE,JAVA,OCP,OCP,,True,True,1.0,1,2.66,True,105.0,2985.0,644.0,,,
two_agent,run_2,OCP_23,MODERATE,JAVA,OCP,OCP,,True,True,1.0,1,10.2,True,281.0,9648.0,1921.0,,,
two_agent,run_2,OCP_24,MODERATE,JAVA,OCP,SRP,,False,False,0.0,0,3.82,False,215.0,8998.0,2053.0,,,
two_agent,run_2,OCP_25,EASY,KOTLIN,OCP,OCP,,True,True,1.0,1,2.39,True,32.0,715.0,156.0,,,
two_agent,run_2,OCP_26,EASY,KOTLIN,OCP,SRP,,False,False,0.0,0,2.06,False,27.0,642.0,114.0,,,
two_agent,run_2,OCP_27,EASY,KOTLIN,OCP,OCP,,True,True,1.0,1,2.69,True,29.0,561.0,121.0,,,
two_agent,run_2,OCP_28,EASY,KOTLIN,OCP,SRP,,False,False,0.0,0,1.89,False,26.0,722.0,161.0,,,
two_agent,run_2,OCP_29,HARD,KOTLIN,OCP,SRP,,False,False,0.0,0,4.25,False,291.0,10683.0,2647.0,,,
two_agent,run_2,OCP_30,HARD,KOTLIN,OCP,SRP,,False,False,0.0,0,3.5,False,159.0,5979.0,1652.0,,,
two_agent,run_2,OCP_31,HARD,KOTLIN,OCP,SRP,,False,False,0.0,0,21.05,False,320.0,11420.0,2934.0,,,
two_agent,run_2,OCP_32,HARD,KOTLIN,OCP,SRP,,False,False,0.0,0,4.71,False,287.0,11644.0,2946.0,,,
two_agent,run_2,OCP_33,MODERATE,KOTLIN,OCP,OCP,,True,True,1.0,1,3.08,True,122.0,4047.0,951.0,,,
two_agent,run_2,OCP_34,MODERATE,KOTLIN,OCP,OCP,,True,True,1.0,1,2.57,True,85.0,2208.0,510.0,,,
two_agent,run_2,OCP_35,MODERATE,KOTLIN,OCP,SRP,,False,False,0.0,0,3.84,False,218.0,6916.0,1671.0,,,
two_agent,run_2,OCP_36,MODERATE,KOTLIN,OCP,SRP,,False,False,0.0,0,3.4,False,185.0,6791.0,1556.0,,,
two_agent,run_2,OCP_37,EASY,PYTHON,OCP,OCP,,True,True,1.0,1,2.35,True,41.0,935.0,194.0,,,
two_agent,run_2,OCP_38,EASY,PYTHON,OCP,OCP,,True,True,1.0,1,2.23,True,39.0,1028.0,197.0,,,
two_agent,run_2,OCP_39,EASY,PYTHON,OCP,OCP,,True,True,1.0,1,2.46,True,47.0,901.0,191.0,,,
two_agent,run_2,OCP_40,EASY,PYTHON,OCP,OCP,,True,True,1.0,1,2.27,True,43.0,1098.0,247.0,,,
two_agent,run_2,OCP_41,HARD,PYTHON,OCP,SRP,,False,False,0.0,0,4.51,False,375.0,11987.0,2980.0,,,
two_agent,run_2,OCP_42,HARD,PYTHON,OCP,SRP,,False,False,0.0,0,4.07,False,263.0,7531.0,1970.0,,,
two_agent,run_2,OCP_43,HARD,PYTHON,OCP,SRP,,False,False,0.0,0,5.07,False,317.0,11169.0,2855.0,,,
two_agent,run_2,OCP_44,HARD,PYTHON,OCP,SRP,,False,False,0.0,0,4.78,False,281.0,11552.0,3174.0,,,
two_agent,run_2,OCP_45,MODERATE,PYTHON,OCP,OCP,,True,True,1.0,1,2.98,True,155.0,4320.0,1040.0,,,
two_agent,run_2,OCP_46,MODERATE,PYTHON,OCP,OCP,,True,True,1.0,1,2.78,True,104.0,2760.0,621.0,,,
two_agent,run_2,OCP_47,MODERATE,PYTHON,OCP,OCP,,True,True,1.0,1,9.8,True,217.0,7648.0,1898.0,,,
two_agent,run_2,OCP_48,MODERATE,PYTHON,OCP,SRP,,False,False,0.0,0,3.73,False,184.0,7522.0,1974.0,,,
two_agent,run_2,LSP_1,EASY,JAVA,LSP,LSP,,True,True,1.0,1,2.01,True,25.0,481.0,103.0,,,
two_agent,run_2,LSP_2,EASY,PYTHON,LSP,LSP,,True,True,1.0,1,5.06,True,15.0,309.0,76.0,,,
two_agent,run_2,LSP_3,EASY,KOTLIN,LSP,LSP,,True,True,1.0,1,2.01,True,23.0,384.0,87.0,,,
two_agent,run_2,LSP_4,EASY,C#,LSP,LSP,,True,True,1.0,1,2.15,True,31.0,473.0,98.0,,,
two_agent,run_2,LSP_5,MODERATE,JAVA,LSP,SRP,,False,False,0.0,0,2.23,False,92.0,2277.0,439.0,,,
two_agent,run_2,LSP_6,MODERATE,PYTHON,LSP,SRP,,False,False,0.0,0,2.31,False,67.0,1841.0,377.0,,,
two_agent,run_2,LSP_7,MODERATE,KOTLIN,LSP,SRP,,False,False,0.0,0,2.08,False,58.0,1632.0,344.0,,,
two_agent,run_2,LSP_8,MODERATE,C#,LSP,LSP,,True,True,1.0,1,6.43,True,93.0,2189.0,422.0,,,
two_agent,run_2,LSP_9,HARD,JAVA,LSP,SRP,,False,False,0.0,0,3.35,False,233.0,7879.0,1520.0,,,
two_agent,run_2,LSP_10,HARD,PYTHON,LSP,SRP,,False,False,0.0,0,3.59,False,230.0,7392.0,1436.0,,,
two_agent,run_2,LSP_11,HARD,KOTLIN,LSP,SRP,,False,False,0.0,0,2.79,False,176.0,5663.0,1116.0,,,
two_agent,run_2,LSP_12,HARD,C#,LSP,SRP,,False,False,0.0,0,3.21,False,253.0,7497.0,1397.0,,,
two_agent,run_2,LSP_13,EASY,JAVA,LSP,LSP,,True,True,1.0,1,5.22,True,22.0,679.0,124.0,,,
two_agent,run_2,LSP_14,EASY,PYTHON,LSP,LSP,,True,True,1.0,1,9.0,True,13.0,488.0,99.0,,,
two_agent,run_2,LSP_15,EASY,KOTLIN,LSP,SRP,,False,False,0.0,0,2.1,False,20.0,582.0,108.0,,,
two_agent,run_2,LSP_16,EASY,C#,LSP,LSP,,True,True,1.0,1,5.76,True,28.0,681.0,124.0,,,
two_agent,run_2,LSP_17,MODERATE,JAVA,LSP,SRP,,False,False,0.0,0,2.47,False,111.0,3277.0,542.0,,,
two_agent,run_2,LSP_18,MODERATE,PYTHON,LSP,SRP,,False,False,0.0,0,2.28,False,75.0,2418.0,422.0,,,
two_agent,run_2,LSP_19,MODERATE,KOTLIN,LSP,SRP,,False,False,0.0,0,2.41,False,64.0,2369.0,429.0,,,
two_agent,run_2,LSP_20,MODERATE,C#,LSP,SRP,,False,False,0.0,0,2.42,False,126.0,3434.0,551.0,,,
two_agent,run_2,LSP_21,HARD,JAVA,LSP,SRP,,False,False,0.0,0,3.32,False,226.0,8552.0,1432.0,,,
two_agent,run_2,LSP_22,HARD,PYTHON,LSP,SRP,,False,False,0.0,0,3.19,False,192.0,7006.0,1222.0,,,
two_agent,run_2,LSP_23,HARD,KOTLIN,LSP,SRP,,False,False,0.0,0,3.24,False,249.0,8058.0,1313.0,,,
two_agent,run_2,LSP_24,HARD,C#,LSP,SRP,,False,False,0.0,0,3.58,False,324.0,9455.0,1470.0,,,
two_agent,run_2,LSP_25,EASY,JAVA,LSP,DIP,,False,False,0.0,0,1.9,False,35.0,952.0,148.0,,,
two_agent,run_2,LSP_26,EASY,PYTHON,LSP,SRP,,False,False,0.0,0,1.85,False,24.0,762.0,153.0,,,
two_agent,run_2,LSP_27,EASY,KOTLIN,LSP,OCP,,False,False,0.0,0,2.4,False,30.0,890.0,144.0,,,
two_agent,run_2,LSP_28,EASY,C#,LSP,SRP,,False,False,0.0,0,1.79,False,42.0,1123.0,193.0,,,
two_agent,run_2,LSP_29,MODERATE,JAVA,LSP,SRP,,False,False,0.0,0,2.46,False,114.0,3897.0,783.0,,,
two_agent,run_2,LSP_30,MODERATE,PYTHON,LSP,SRP,,False,False,0.0,0,2.23,False,88.0,3657.0,722.0,,,
two_agent,run_2,LSP_31,MODERATE,KOTLIN,LSP,SRP,,False,False,0.0,0,2.14,False,94.0,3503.0,622.0,,,
two_agent,run_2,LSP_32,MODERATE,C#,LSP,SRP,,False,False,0.0,0,2.47,False,145.0,4433.0,776.0,,,
two_agent,run_2,LSP_33,HARD,JAVA,LSP,SRP,,False,False,0.0,0,3.3,False,277.0,9959.0,1726.0,,,
two_agent,run_2,LSP_34,HARD,PYTHON,LSP,SRP,,False,False,0.0,0,3.91,False,317.0,12199.0,1961.0,,,
two_agent,run_2,LSP_35,HARD,KOTLIN,LSP,SRP,,False,False,0.0,0,3.71,False,358.0,12785.0,2019.0,,,
two_agent,run_2,LSP_36,HARD,C#,LSP,SRP,,False,False,0.0,0,4.02,False,458.0,14758.0,2270.0,,,
two_agent,run_2,LSP_37,EASY,JAVA,LSP,SRP,,False,False,0.0,0,1.74,False,38.0,855.0,161.0,,,
two_agent,run_2,LSP_38,EASY,PYTHON,LSP,SRP,,False,False,0.0,0,1.8,False,33.0,740.0,149.0,,,
two_agent,run_2,LSP_39,EASY,KOTLIN,LSP,SRP,,False,False,0.0,0,1.71,False,24.0,577.0,116.0,,,
two_agent,run_2,LSP_40,EASY,C#,LSP,SRP,,False,False,0.0,0,1.96,False,42.0,864.0,159.0,,,
two_agent,run_2,LSP_41,MODERATE,JAVA,LSP,SRP,,False,False,0.0,0,2.34,False,91.0,2684.0,511.0,,,
two_agent,run_2,LSP_42,MODERATE,PYTHON,LSP,SRP,,False,False,0.0,0,2.11,False,82.0,2262.0,437.0,,,
two_agent,run_2,LSP_43,MODERATE,KOTLIN,LSP,SRP,,False,False,0.0,0,2.05,False,71.0,2017.0,369.0,,,
two_agent,run_2,LSP_44,MODERATE,C#,LSP,SRP,,False,False,0.0,0,2.16,False,112.0,2849.0,515.0,,,
two_agent,run_2,LSP_45,HARD,JAVA,LSP,SRP,,False,False,0.0,0,3.16,False,212.0,8668.0,1509.0,,,
two_agent,run_2,LSP_46,HARD,PYTHON,LSP,SRP,,False,False,0.0,0,3.03,False,164.0,6480.0,1225.0,,,
two_agent,run_2,LSP_47,HARD,KOTLIN,LSP,SRP,,False,False,0.0,0,2.93,False,202.0,6693.0,1137.0,,,
two_agent,run_2,LSP_48,HARD,C#,LSP,SRP,,False,False,0.0,0,3.23,False,272.0,8682.0,1487.0,,,
two_agent,run_2,ISP_1,EASY,CSHARP,ISP,ISP,,True,True,1.0,1,2.61,True,89.0,1737.0,335.0,,,
two_agent,run_2,ISP_2,EASY,CSHARP,ISP,LSP,,False,False,0.0,0,2.39,False,94.0,2055.0,397.0,,,
two_agent,run_2,ISP_3,EASY,CSHARP,ISP,ISP,,True,True,1.0,1,1.96,True,63.0,1140.0,225.0,,,
two_agent,run_2,ISP_4,EASY,CSHARP,ISP,ISP,,True,True,1.0,1,2.23,True,44.0,664.0,140.0,,,
two_agent,run_2,ISP_5,HARD,CSHARP,ISP,SRP,,False,False,0.0,0,3.88,False,511.0,11621.0,2179.0,,,
two_agent,run_2,ISP_6,HARD,CSHARP,ISP,SRP,,False,False,0.0,0,4.37,False,461.0,10993.0,2063.0,,,
two_agent,run_2,ISP_7,HARD,CSHARP,ISP,SRP,,False,False,0.0,0,4.83,False,660.0,17075.0,3079.0,,,
two_agent,run_2,ISP_8,HARD,CSHARP,ISP,SRP,,False,False,0.0,0,4.0,False,473.0,10539.0,1842.0,,,
two_agent,run_2,ISP_9,MODERATE,CSHARP,ISP,ISP,,True,True,1.0,1,11.93,True,287.0,6316.0,1191.0,,,
two_agent,run_2,ISP_10,MODERATE,CSHARP,ISP,ISP,,True,True,1.0,1,3.48,True,259.0,6299.0,1201.0,,,
two_agent,run_2,ISP_11,MODERATE,CSHARP,ISP,ISP,,True,True,1.0,1,2.3,True,149.0,2838.0,539.0,,,
two_agent,run_2,ISP_12,MODERATE,CSHARP,ISP,ISP,,True,True,1.0,1,8.18,True,291.0,5721.0,1030.0,,,
two_agent,run_2,ISP_13,EASY,JAVA,ISP,ISP,,True,True,1.0,1,2.24,True,77.0,1793.0,362.0,,,
two_agent,run_2,ISP_14,EASY,JAVA,ISP,LSP,,False,False,0.0,0,2.59,False,88.0,2183.0,430.0,,,
two_agent,run_2,ISP_15,EASY,JAVA,ISP,ISP,,True,True,1.0,1,1.99,True,48.0,1121.0,240.0,,,
two_agent,run_2,ISP_16,EASY,JAVA,ISP,ISP,,True,True,1.0,1,2.15,True,34.0,654.0,147.0,,,
two_agent,run_2,ISP_17,HARD,JAVA,ISP,SRP,,False,False,0.0,0,4.24,False,416.0,11445.0,2334.0,,,
two_agent,run_2,ISP_18,HARD,JAVA,ISP,SRP,,False,False,0.0,0,3.99,False,436.0,11756.0,2280.0,,,
two_agent,run_2,ISP_19,HARD,JAVA,ISP,SRP,,False,False,0.0,0,19.28,False,482.0,15667.0,3266.0,,,
two_agent,run_2,ISP_20,HARD,JAVA,ISP,SRP,,False,False,0.0,0,3.49,False,351.0,10063.0,1914.0,,,
two_agent,run_2,ISP_21,MODERATE,JAVA,ISP,SRP,,False,False,0.0,0,3.26,False,226.0,6148.0,1278.0,,,
two_agent,run_2,ISP_22,MODERATE,JAVA,ISP,ISP,,True,True,1.0,1,3.3,True,246.0,6487.0,1304.0,,,
two_agent,run_2,ISP_23,MODERATE,JAVA,ISP,ISP,,True,True,1.0,1,2.23,True,113.0,2744.0,578.0,,,
two_agent,run_2,ISP_24,MODERATE,JAVA,ISP,ISP,,True,True,1.0,1,8.97,True,220.0,5450.0,1074.0,,,
two_agent,run_2,ISP_25,EASY,KOTLIN,ISP,ISP,,True,True,1.0,1,2.55,True,57.0,1378.0,271.0,,,
two_agent,run_2,ISP_26,EASY,KOTLIN,ISP,LSP,,False,False,0.0,0,2.33,False,79.0,1898.0,342.0,,,
two_agent,run_2,ISP_27,EASY,KOTLIN,ISP,ISP,,True,True,1.0,1,1.86,True,47.0,988.0,192.0,,,
two_agent,run_2,ISP_28,EASY,KOTLIN,ISP,ISP,,True,True,1.0,1,1.75,True,34.0,571.0,117.0,,,
two_agent,run_2,ISP_29,HARD,KOTLIN,ISP,SRP,,False,False,0.0,0,3.44,False,331.0,9289.0,1790.0,,,
two_agent,run_2,ISP_30,HARD,KOTLIN,ISP,SRP,,False,False,0.0,0,3.69,False,371.0,9990.0,1827.0,,,
two_agent,run_2,ISP_31,HARD,KOTLIN,ISP,SRP,,False,False,0.0,0,4.4,False,482.0,13948.0,2576.0,,,
two_agent,run_2,ISP_32,HARD,KOTLIN,ISP,SRP,,False,False,0.0,0,3.48,False,310.0,8522.0,1485.0,,,
two_agent,run_2,ISP_33,MODERATE,KOTLIN,ISP,SRP,,False,False,0.0,0,2.61,False,189.0,5219.0,977.0,,,
two_agent,run_2,ISP_34,MODERATE,KOTLIN,ISP,SRP,,False,False,0.0,0,3.27,False,209.0,5799.0,1085.0,,,
two_agent,run_2,ISP_35,MODERATE,KOTLIN,ISP,ISP,,True,True,1.0,1,2.19,True,112.0,2448.0,462.0,,,
two_agent,run_2,ISP_36,MODERATE,KOTLIN,ISP,ISP,,True,True,1.0,1,7.16,True,166.0,4233.0,781.0,,,
two_agent,run_2,ISP_37,EASY,PYTHON,ISP,SRP,,False,False,0.0,0,2.12,False,60.0,1516.0,327.0,,,
two_agent,run_2,ISP_38,EASY,PYTHON,ISP,ISP,,True,True,1.0,1,2.4,True,81.0,2099.0,413.0,,,
two_agent,run_2,ISP_39,EASY,PYTHON,ISP,ISP,,True,True,1.0,1,1.82,True,44.0,1045.0,206.0,,,
two_agent,run_2,ISP_40,EASY,PYTHON,ISP,ISP,,True,True,1.0,1,2.04,True,34.0,629.0,134.0,,,
two_agent,run_2,ISP_41,HARD,PYTHON,ISP,SRP,,False,False,0.0,0,3.72,False,328.0,9475.0,1983.0,,,
two_agent,run_2,ISP_42,HARD,PYTHON,ISP,SRP,,False,False,0.0,0,4.01,False,357.0,10176.0,1938.0,,,
two_agent,run_2,ISP_43,HARD,PYTHON,ISP,SRP,,False,False,0.0,0,4.74,False,425.0,13827.0,2633.0,,,
two_agent,run_2,ISP_44,HARD,PYTHON,ISP,SRP,,False,False,0.0,0,3.43,False,295.0,8947.0,1624.0,,,
two_agent,run_2,ISP_45,MODERATE,PYTHON,ISP,SRP,,False,False,0.0,0,2.99,False,178.0,5209.0,1105.0,,,
two_agent,run_2,ISP_46,MODERATE,PYTHON,ISP,SRP,,False,False,0.0,0,3.08,False,202.0,5849.0,1163.0,,,
two_agent,run_2,ISP_47,MODERATE,PYTHON,ISP,SRP,,False,False,0.0,0,2.17,False,108.0,2625.0,505.0,,,
two_agent,run_2,ISP_48,MODERATE,PYTHON,ISP,SRP,,False,False,0.0,0,2.75,False,177.0,4573.0,909.0,,,
two_agent,run_2,DIP_1,EASY,JAVA,DIP,SRP,,False,False,0.0,0,1.67,False,23.0,593.0,121.0,,,
two_agent,run_2,DIP_2,EASY,PYTHON,DIP,SRP,,False,False,0.0,0,1.61,False,15.0,441.0,100.0,,,
two_agent,run_2,DIP_3,EASY,KOTLIN,DIP,SRP,,False,False,0.0,0,1.74,False,19.0,441.0,90.0,,,
two_agent,run_2,DIP_4,EASY,C#,DIP,DIP,,True,True,1.0,1,1.97,True,29.0,591.0,114.0,,,
two_agent,run_2,DIP_5,MODERATE,JAVA,DIP,SRP,,False,False,0.0,0,2.07,False,77.0,2288.0,427.0,,,
two_agent,run_2,DIP_6,MODERATE,PYTHON,DIP,SRP,,False,False,0.0,0,1.99,False,54.0,1844.0,361.0,,,
two_agent,run_2,DIP_7,MODERATE,KOTLIN,DIP,SRP,,False,False,0.0,0,1.99,False,65.0,1828.0,337.0,,,
two_agent,run_2,DIP_8,MODERATE,C#,DIP,SRP,,False,False,0.0,0,2.06,False,94.0,2405.0,429.0,,,
two_agent,run_2,DIP_9,HARD,JAVA,DIP,SRP,,False,False,0.0,0,2.97,False,229.0,8620.0,1493.0,,,
two_agent,run_2,DIP_10,HARD,PYTHON,DIP,SRP,,False,False,0.0,0,2.97,False,167.0,6938.0,1281.0,,,
two_agent,run_2,DIP_11,HARD,KOTLIN,DIP,SRP,,False,False,0.0,0,2.73,False,191.0,6234.0,1071.0,,,
two_agent,run_2,DIP_12,HARD,C#,DIP,SRP,,False,False,0.0,0,3.04,False,267.0,8372.0,1398.0,,,
two_agent,run_2,DIP_13,EASY,JAVA,DIP,DIP,,True,True,1.0,1,5.41,True,18.0,465.0,77.0,,,
two_agent,run_2,DIP_14,EASY,PYTHON,DIP,DIP,,True,True,1.0,1,1.73,True,11.0,331.0,59.0,,,
two_agent,run_2,DIP_15,EASY,KOTLIN,DIP,,,False,False,0.0,0,4.07,False,14.0,344.0,59.0,,,
two_agent,run_2,DIP_16,EASY,C#,DIP,DIP,,True,True,1.0,1,1.76,True,23.0,463.0,72.0,,,
two_agent,run_2,DIP_17,MODERATE,JAVA,DIP,OCP,,False,False,0.0,0,2.24,False,56.0,1872.0,363.0,,,
two_agent,run_2,DIP_18,MODERATE,PYTHON,DIP,OCP,,False,False,0.0,0,2.21,False,41.0,1407.0,285.0,,,
two_agent,run_2,DIP_19,MODERATE,KOTLIN,DIP,OCP,,False,False,0.0,0,2.19,False,53.0,1600.0,289.0,,,
two_agent,run_2,DIP_20,MODERATE,C#,DIP,OCP,,False,False,0.0,0,2.26,False,76.0,1950.0,346.0,,,
two_agent,run_2,DIP_21,HARD,JAVA,DIP,SRP,,False,False,0.0,0,2.97,False,207.0,8107.0,1494.0,,,
two_agent,run_2,DIP_22,HARD,PYTHON,DIP,OCP,,False,False,0.0,0,3.23,False,145.0,6645.0,1326.0,,,
two_agent,run_2,DIP_23,HARD,KOTLIN,DIP,SRP,,False,False,0.0,0,2.65,False,155.0,6261.0,1145.0,,,
two_agent,run_2,DIP_24,HARD,C#,DIP,SRP,,False,False,0.0,0,2.95,False,235.0,8702.0,1381.0,,,
two_agent,run_2,DIP_25,EASY,JAVA,DIP,SRP,,False,False,0.0,0,1.78,False,22.0,583.0,111.0,,,
two_agent,run_2,DIP_26,EASY,PYTHON,DIP,SRP,,False,False,0.0,0,1.62,False,18.0,496.0,86.0,,,
two_agent,run_2,DIP_27,EASY,KOTLIN,DIP,SRP,,False,False,0.0,0,1.88,False,22.0,531.0,98.0,,,
two_agent,run_2,DIP_28,EASY,C#,DIP,SRP,,False,False,0.0,0,1.91,False,31.0,595.0,91.0,,,
two_agent,run_2,DIP_29,MODERATE,JAVA,DIP,SRP,,False,False,0.0,0,2.22,False,72.0,2198.0,409.0,,,
two_agent,run_2,DIP_30,MODERATE,PYTHON,DIP,SRP,,False,False,0.0,0,2.22,False,58.0,1890.0,334.0,,,
two_agent,run_2,DIP_31,MODERATE,KOTLIN,DIP,SRP,,False,False,0.0,0,2.16,False,63.0,1838.0,353.0,,,
two_agent,run_2,DIP_32,MODERATE,C#,DIP,SRP,,False,False,0.0,0,2.23,False,91.0,2078.0,332.0,,,
two_agent,run_2,DIP_33,HARD,JAVA,DIP,SRP,,False,False,0.0,0,2.8,False,164.0,6576.0,1156.0,,,
two_agent,run_2,DIP_34,HARD,PYTHON,DIP,SRP,,False,False,0.0,0,2.88,False,152.0,6056.0,1102.0,,,
two_agent,run_2,DIP_35,HARD,KOTLIN,DIP,SRP,,False,False,0.0,0,3.27,False,244.0,8715.0,1532.0,,,
two_agent,run_2,DIP_36,HARD,C#,DIP,SRP,,False,False,0.0,0,3.6,False,305.0,10242.0,1817.0,,,
two_agent,run_2,DIP_37,EASY,JAVA,DIP,SRP,,False,False,0.0,0,1.74,False,17.0,479.0,85.0,,,
two_agent,run_2,DIP_38,EASY,PYTHON,DIP,SRP,,False,False,0.0,0,2.07,False,10.0,344.0,67.0,,,
two_agent,run_2,DIP_39,EASY,KOTLIN,DIP,DIP,,True,True,1.0,1,1.79,True,13.0,348.0,64.0,,,
two_agent,run_2,DIP_40,EASY,C#,DIP,SRP,,False,False,0.0,0,1.75,False,22.0,479.0,81.0,,,
two_agent,run_2,DIP_41,MODERATE,JAVA,DIP,SRP,,False,False,0.0,0,2.04,False,62.0,2021.0,336.0,,,
two_agent,run_2,DIP_42,MODERATE,PYTHON,DIP,SRP,,False,False,0.0,0,1.93,False,40.0,1586.0,277.0,,,
two_agent,run_2,DIP_43,MODERATE,KOTLIN,DIP,SRP,,False,False,0.0,0,2.0,False,46.0,1576.0,275.0,,,
two_agent,run_2,DIP_44,MODERATE,C#,DIP,SRP,,False,False,0.0,0,2.01,False,77.0,2059.0,330.0,,,
two_agent,run_2,DIP_45,HARD,JAVA,DIP,SRP,,False,False,0.0,0,2.5,False,138.0,5087.0,945.0,,,
two_agent,run_2,DIP_46,HARD,PYTHON,DIP,SRP,,False,False,0.0,0,2.53,False,106.0,4499.0,850.0,,,
two_agent,run_2,DIP_47,HARD,KOTLIN,DIP,SRP,,False,False,0.0,0,2.38,False,127.0,4464.0,805.0,,,
two_agent,run_2,DIP_48,HARD,C#,DIP,SRP,,False,False,0.0,0,2.51,False,170.0,5347.0,962.0,,,
diff_eval,run_1,SRP_1,EASY,JAVA,SRP,OCP,,False,False,0.0,0,36.21,False,17.0,409.0,85.0,1.0,False,OCP
diff_eval,run_1,SRP_2,EASY,JAVA,SRP,SRP,OCP,True,True,1.0,1,38.77,True,19.0,534.0,96.0,3.0,True,"SRP,OCP,ISP"
diff_eval,run_1,SRP_3,EASY,JAVA,SRP,SRP,OCP,True,True,1.0,1,36.75,True,21.0,569.0,122.0,2.0,True,"SRP,OCP"
diff_eval,run_1,SRP_4,EASY,JAVA,SRP,SRP,,True,True,1.0,1,35.71,True,17.0,416.0,86.0,1.0,True,SRP
diff_eval,run_1,SRP_5,MODERATE,JAVA,SRP,DIP,SRP,False,True,0.5,2,111.73,True,168.0,4688.0,922.0,4.0,True,"SRP,OCP,ISP,DIP"
diff_eval,run_1,SRP_6,MODERATE,JAVA,SRP,DIP,SRP,False,True,0.5,2,185.38,True,256.0,7899.0,1471.0,4.0,True,"SRP,OCP,ISP,DIP"
diff_eval,run_1,SRP_7,MODERATE,JAVA,SRP,DIP,SRP,False,True,0.5,2,213.29,True,185.0,6117.0,1510.0,4.0,True,"SRP,OCP,ISP,DIP"
diff_eval,run_1,SRP_8,MODERATE,JAVA,SRP,DIP,SRP,False,True,0.5,2,155.55,True,124.0,4615.0,906.0,4.0,True,"SRP,OCP,ISP,DIP"
diff_eval,run_1,SRP_9,HARD,JAVA,SRP,DIP,OCP,False,False,0.0,0,226.94,False,370.0,12738.0,2568.0,4.0,True,"SRP,OCP,ISP,DIP"
diff_eval,run_1,SRP_10,HARD,JAVA,SRP,,,False,False,0.0,0,209.89,False,337.0,13357.0,2597.0,0.0,False,
diff_eval,run_1,SRP_11,HARD,JAVA,SRP,DIP,SRP,False,True,0.5,2,348.74,True,330.0,12494.0,2630.0,4.0,True,"SRP,OCP,ISP,DIP"
diff_eval,run_1,SRP_12,HARD,JAVA,SRP,SRP,DIP,True,True,1.0,1,336.15,True,388.0,16985.0,3462.0,4.0,True,"SRP,OCP,ISP,DIP"
diff_eval,run_1,SRP_13,EASY,PYTHON,SRP,OCP,,False,False,0.0,0,32.76,False,10.0,286.0,65.0,1.0,False,OCP
diff_eval,run_1,SRP_14,EASY,PYTHON,SRP,OCP,,False,False,0.0,0,37.58,False,11.0,423.0,86.0,1.0,False,OCP
diff_eval,run_1,SRP_15,EASY,PYTHON,SRP,OCP,,False,False,0.0,0,35.13,False,13.0,390.0,95.0,1.0,False,OCP
diff_eval,run_1,SRP_16,EASY,PYTHON,SRP,SRP,OCP,True,True,1.0,1,33.14,True,10.0,303.0,71.0,2.0,True,"SRP,OCP"
diff_eval,run_1,SRP_17,MODERATE,PYTHON,SRP,DIP,SRP,False,True,0.5,2,131.54,True,120.0,4007.0,858.0,4.0,True,"SRP,OCP,ISP,DIP"
diff_eval,run_1,SRP_18,MODERATE,PYTHON,SRP,DIP,SRP,False,True,0.5,2,179.1,True,195.0,7146.0,1440.0,4.0,True,"SRP,OCP,ISP,DIP"
diff_eval,run_1,SRP_19,MODERATE,PYTHON,SRP,SRP,DIP,True,True,1.0,1,204.99,True,167.0,5735.0,1427.0,4.0,True,"SRP,OCP,ISP,DIP"
diff_eval,run_1,SRP_20,MODERATE,PYTHON,SRP,DIP,SRP,False,True,0.5,2,133.52,True,89.0,3928.0,840.0,4.0,True,"SRP,OCP,ISP,DIP"
diff_eval,run_1,SRP_21,HARD,PYTHON,SRP,SRP,DIP,True,True,1.0,1,269.13,True,254.0,10438.0,2191.0,4.0,True,"SRP,OCP,ISP,DIP"
diff_eval,run_1,SRP_22,HARD,PYTHON,SRP,DIP,SRP,False,True,0.5,2,678.46,True,300.0,12992.0,2443.0,4.0,True,"SRP,OCP,ISP,DIP"
diff_eval,run_1,SRP_23,HARD,PYTHON,SRP,,,False,False,0.0,0,236.45,False,248.0,11175.0,2445.0,0.0,False,
diff_eval,run_1,SRP_24,HARD,PYTHON,SRP,SRP,DIP,True,True,1.0,1,535.2,True,329.0,14413.0,2800.0,4.0,True,"SRP,OCP,ISP,DIP"
diff_eval,run_1,SRP_25,EASY,KOTLIN,SRP,SRP,OCP,True,True,1.0,1,31.99,True,10.0,229.0,49.0,2.0,True,"SRP,OCP"
diff_eval,run_1,SRP_26,EASY,KOTLIN,SRP,SRP,OCP,True,True,1.0,1,34.75,True,10.0,305.0,63.0,2.0,True,"SRP,OCP"
diff_eval,run_1,SRP_27,EASY,KOTLIN,SRP,SRP,ISP,True,True,1.0,1,35.93,True,12.0,330.0,75.0,3.0,True,"SRP,OCP,ISP"
diff_eval,run_1,SRP_28,EASY,KOTLIN,SRP,SRP,OCP,True,True,1.0,1,35.17,True,10.0,267.0,59.0,2.0,True,"SRP,OCP"
diff_eval,run_1,SRP_29,MODERATE,KOTLIN,SRP,SRP,DIP,True,True,1.0,1,725.23,True,116.0,3523.0,724.0,4.0,True,"SRP,OCP,ISP,DIP"
diff_eval,run_1,SRP_30,MODERATE,KOTLIN,SRP,DIP,SRP,False,True,0.5,2,154.28,True,179.0,6179.0,1174.0,4.0,True,"SRP,OCP,ISP,DIP"
diff_eval,run_1,SRP_31,MODERATE,KOTLIN,SRP,DIP,SRP,False,True,0.5,2,148.61,True,164.0,5372.0,1253.0,4.0,True,"SRP,OCP,ISP,DIP"
diff_eval,run_1,SRP_32,MODERATE,KOTLIN,SRP,DIP,SRP,False,True,0.5,2,128.86,True,102.0,3859.0,742.0,4.0,True,"SRP,OCP,ISP,DIP"
diff_eval,run_1,SRP_33,HARD,KOTLIN,SRP,SRP,DIP,True,True,1.0,1,189.63,True,286.0,9834.0,1910.0,3.0,True,"SRP,OCP,DIP"
diff_eval,run_1,SRP_34,HARD,KOTLIN,SRP,DIP,SRP,False,True,0.5,2,223.09,True,260.0,10479.0,1959.0,4.0,True,"SRP,OCP,ISP,DIP"
diff_eval,run_1,SRP_35,HARD,KOTLIN,SRP,SRP,DIP,True,True,1.0,1,205.23,True,285.0,10237.0,2089.0,4.0,True,"SRP,OCP,ISP,DIP"
diff_eval,run_1,SRP_36,HARD,KOTLIN,SRP,DIP,ISP,False,False,0.0,0,263.22,False,361.0,14620.0,2794.0,4.0,True,"SRP,OCP,ISP,DIP"
diff_eval,run_1,SRP_37,EASY,CSHARP,SRP,SRP,OCP,True,True,1.0,1,34.75,True,21.0,428.0,88.0,2.0,True,"SRP,OCP"
diff_eval,run_1,SRP_38,EASY,CSHARP,SRP,OCP,,False,False,0.0,0,37.15,False,23.0,539.0,94.0,1.0,False,OCP
diff_eval,run_1,SRP_39,EASY,CSHARP,SRP,SRP,ISP,True,True,1.0,1,34.2,True,25.0,577.0,122.0,3.0,True,"SRP,OCP,ISP"
diff_eval,run_1,SRP_40,EASY,CSHARP,SRP,SRP,OCP,True,True,1.0,1,34.79,True,21.0,421.0,84.0,2.0,True,"SRP,OCP"
diff_eval,run_1,SRP_41,MODERATE,CSHARP,SRP,SRP,DIP,True,True,1.0,1,126.55,True,184.0,4448.0,842.0,4.0,True,"SRP,OCP,ISP,DIP"
diff_eval,run_1,SRP_42,MODERATE,CSHARP,SRP,DIP,SRP,False,True,0.5,2,166.13,True,289.0,7682.0,1387.0,4.0,True,"SRP,OCP,ISP,DIP"
diff_eval,run_1,SRP_43,MODERATE,CSHARP,SRP,DIP,SRP,False,True,0.5,2,182.38,True,218.0,5972.0,1368.0,4.0,True,"SRP,OCP,ISP,DIP"
diff_eval,run_1,SRP_44,MODERATE,CSHARP,SRP,DIP,SRP,False,True,0.5,2,113.39,True,149.0,4707.0,889.0,4.0,True,"SRP,OCP,ISP,DIP"
diff_eval,run_1,SRP_45,HARD,CSHARP,SRP,SRP,DIP,True,True,1.0,1,278.65,True,395.0,12158.0,2323.0,4.0,True,"SRP,OCP,ISP,DIP"
diff_eval,run_1,SRP_46,HARD,CSHARP,SRP,DIP,SRP,False,True,0.5,2,269.3,True,384.0,13000.0,2343.0,4.0,True,"SRP,OCP,ISP,DIP"
diff_eval,run_1,SRP_47,HARD,CSHARP,SRP,SRP,DIP,True,True,1.0,1,207.94,True,387.0,13890.0,2458.0,4.0,True,"SRP,OCP,ISP,DIP"
diff_eval,run_1,SRP_48,HARD,CSHARP,SRP,SRP,ISP,True,True,1.0,1,654.45,True,465.0,16946.0,3214.0,3.0,True,"SRP,ISP,DIP"
diff_eval,run_1,OCP_1,EASY,CSHARP,OCP,OCP,SRP,True,True,1.0,1,69.08,True,72.0,1235.0,237.0,5.0,True,"SRP,OCP,LSP,ISP,DIP"
diff_eval,run_1,OCP_2,EASY,CSHARP,OCP,SRP,OCP,False,True,0.5,2,67.63,True,50.0,1300.0,224.0,4.0,True,"SRP,OCP,ISP,DIP"
diff_eval,run_1,OCP_3,EASY,CSHARP,OCP,DIP,OCP,False,True,0.5,2,60.61,True,49.0,1004.0,202.0,3.0,True,"SRP,OCP,DIP"
diff_eval,run_1,OCP_4,EASY,CSHARP,OCP,OCP,DIP,True,True,1.0,1,63.34,True,53.0,1479.0,282.0,4.0,True,"SRP,OCP,ISP,DIP"
diff_eval,run_1,OCP_5,HARD,CSHARP,OCP,OCP,SRP,True,True,1.0,1,285.05,True,459.0,15744.0,3669.0,5.0,True,"SRP,OCP,LSP,ISP,DIP"
diff_eval,run_1,OCP_6,HARD,CSHARP,OCP,DIP,OCP,False,True,0.5,2,280.3,True,269.0,8599.0,2059.0,3.0,True,"SRP,OCP,DIP"
diff_eval,run_1,OCP_7,HARD,CSHARP,OCP,SRP,DIP,False,False,0.0,0,329.58,False,415.0,16149.0,3425.0,4.0,True,"SRP,OCP,ISP,DIP"
diff_eval,run_1,OCP_8,HARD,CSHARP,OCP,,,False,False,0.0,0,186.24,False,398.0,15864.0,3495.0,0.0,False,
diff_eval,run_1,OCP_9,MODERATE,CSHARP,OCP,DIP,OCP,False,True,0.5,2,170.37,True,208.0,5450.0,1105.0,4.0,True,"SRP,OCP,ISP,DIP"
diff_eval,run_1,OCP_10,MODERATE,CSHARP,OCP,SRP,DIP,False,False,0.0,0,106.36,False,112.0,2563.0,537.0,3.0,True,"SRP,OCP,DIP"
diff_eval,run_1,OCP_11,MODERATE,CSHARP,OCP,DIP,SRP,False,False,0.0,0,227.57,False,305.0,9205.0,1844.0,4.0,True,"SRP,OCP,ISP,DIP"
diff_eval,run_1,OCP_12,MODERATE,CSHARP,OCP,SRP,DIP,False,False,0.0,0,176.63,False,216.0,10058.0,2191.0,4.0,True,"SRP,OCP,ISP,DIP"
diff_eval,run_1,OCP_13,EASY,JAVA,OCP,OCP,SRP,True,True,1.0,1,76.96,True,57.0,1210.0,234.0,5.0,True,"SRP,OCP,LSP,ISP,DIP"
diff_eval,run_1,OCP_14,EASY,JAVA,OCP,OCP,DIP,True,True,1.0,1,64.23,True,44.0,1316.0,230.0,4.0,True,"SRP,OCP,ISP,DIP"
diff_eval,run_1,OCP_15,EASY,JAVA,OCP,DIP,OCP,False,True,0.5,2,55.7,True,38.0,901.0,190.0,2.0,True,"OCP,DIP"
diff_eval,run_1,OCP_16,EASY,JAVA,OCP,OCP,SRP,True,True,1.0,1,82.42,True,32.0,1218.0,273.0,4.0,True,"SRP,OCP,ISP,DIP"
diff_eval,run_1,OCP_17,HARD,JAVA,OCP,OCP,SRP,True,True,1.0,1,153.29,True,433.0,15628.0,3615.0,5.0,True,"SRP,OCP,LSP,ISP,DIP"
diff_eval,run_1,OCP_18,HARD,JAVA,OCP,DIP,ISP,False,False,0.0,0,240.18,False,210.0,7259.0,1941.0,4.0,True,"SRP,OCP,ISP,DIP"
diff_eval,run_1,OCP_19,HARD,JAVA,OCP,DIP,SRP,False,False,0.0,0,306.69,False,414.0,14950.0,3226.0,4.0,True,"SRP,OCP,ISP,DIP"
diff_eval,run_1,OCP_20,HARD,JAVA,OCP,OCP,DIP,True,True,1.0,1,257.64,True,359.0,15513.0,3677.0,4.0,True,"SRP,OCP,ISP,DIP"
diff_eval,run_1,OCP_21,MODERATE,JAVA,OCP,OCP,SRP,True,True,1.0,1,131.51,True,177.0,5124.0,1093.0,4.0,True,"SRP,OCP,ISP,DIP"
diff_eval,run_1,OCP_22,MODERATE,JAVA,OCP,DIP,OCP,False,True,0.5,2,103.8,True,105.0,2985.0,644.0,4.0,True,"SRP,OCP,ISP,DIP"
diff_eval,run_1,OCP_23,MODERATE,JAVA,OCP,DIP,OCP,False,True,0.5,2,226.24,True,281.0,9648.0,1921.0,4.0,True,"SRP,OCP,ISP,DIP"
diff_eval,run_1,OCP_24,MODERATE,JAVA,OCP,DIP,SRP,False,False,0.0,0,217.84,False,215.0,8998.0,2053.0,4.0,True,"SRP,OCP,ISP,DIP"
diff_eval,run_1,OCP_25,EASY,KOTLIN,OCP,DIP,OCP,False,True,0.5,2,51.17,True,32.0,715.0,156.0,3.0,True,"SRP,OCP,DIP"
diff_eval,run_1,OCP_26,EASY,KOTLIN,OCP,OCP,DIP,True,True,1.0,1,49.55,True,27.0,642.0,114.0,3.0,True,"SRP,OCP,DIP"
diff_eval,run_1,OCP_27,EASY,KOTLIN,OCP,OCP,DIP,True,True,1.0,1,55.61,True,29.0,561.0,121.0,3.0,True,"SRP,OCP,DIP"
diff_eval,run_1,OCP_28,EASY,KOTLIN,OCP,OCP,SRP,True,True,1.0,1,61.43,True,26.0,722.0,161.0,4.0,True,"SRP,OCP,ISP,DIP"
diff_eval,run_1,OCP_29,HARD,KOTLIN,OCP,OCP,DIP,True,True,1.0,1,297.38,True,291.0,10683.0,2647.0,5.0,True,"SRP,OCP,LSP,ISP,DIP"
diff_eval,run_1,OCP_30,HARD,KOTLIN,OCP,DIP,OCP,False,True,0.5,2,200.78,True,159.0,5979.0,1652.0,4.0,True,"SRP,OCP,ISP,DIP"
diff_eval,run_1,OCP_31,HARD,KOTLIN,OCP,SRP,OCP,False,True,0.5,2,260.23,True,320.0,11420.0,2934.0,4.0,True,"SRP,OCP,ISP,DIP"
diff_eval,run_1,OCP_32,HARD,KOTLIN,OCP,DIP,OCP,False,True,0.5,2,187.27,True,287.0,11644.0,2946.0,4.0,True,"SRP,OCP,ISP,DIP"
diff_eval,run_1,OCP_33,MODERATE,KOTLIN,OCP,OCP,DIP,True,True,1.0,1,155.96,True,122.0,4047.0,951.0,4.0,True,"SRP,OCP,ISP,DIP"
diff_eval,run_1,OCP_34,MODERATE,KOTLIN,OCP,DIP,OCP,False,True,0.5,2,75.54,True,85.0,2208.0,510.0,2.0,True,"OCP,DIP"
diff_eval,run_1,OCP_35,MODERATE,KOTLIN,OCP,DIP,OCP,False,True,0.5,2,252.52,True,218.0,6916.0,1671.0,3.0,True,"OCP,ISP,DIP"
diff_eval,run_1,OCP_36,MODERATE,KOTLIN,OCP,OCP,SRP,True,True,1.0,1,184.1,True,185.0,6791.0,1556.0,4.0,True,"SRP,OCP,ISP,DIP"
diff_eval,run_1,OCP_37,EASY,PYTHON,OCP,LSP,OCP,False,True,0.5,2,63.08,True,41.0,935.0,194.0,4.0,True,"SRP,OCP,LSP,DIP"
diff_eval,run_1,OCP_38,EASY,PYTHON,OCP,OCP,DIP,True,True,1.0,1,58.38,True,39.0,1028.0,197.0,3.0,True,"SRP,OCP,DIP"
diff_eval,run_1,OCP_39,EASY,PYTHON,OCP,OCP,DIP,True,True,1.0,1,55.77,True,47.0,901.0,191.0,3.0,True,"SRP,OCP,DIP"
diff_eval,run_1,OCP_40,EASY,PYTHON,OCP,DIP,SRP,False,False,0.0,0,61.66,False,43.0,1098.0,247.0,4.0,True,"SRP,OCP,ISP,DIP"
diff_eval,run_1,OCP_41,HARD,PYTHON,OCP,OCP,DIP,True,True,1.0,1,336.22,True,375.0,11987.0,2980.0,5.0,True,"SRP,OCP,LSP,ISP,DIP"
diff_eval,run_1,OCP_42,HARD,PYTHON,OCP,DIP,SRP,False,False,0.0,0,274.97,False,263.0,7531.0,1970.0,4.0,True,"SRP,OCP,ISP,DIP"
diff_eval,run_1,OCP_43,HARD,PYTHON,OCP,DIP,OCP,False,True,0.5,2,370.84,True,317.0,11169.0,2855.0,4.0,True,"SRP,OCP,ISP,DIP"
diff_eval,run_1,OCP_44,HARD,PYTHON,OCP,DIP,ISP,False,False,0.0,0,323.6,False,281.0,11552.0,3174.0,4.0,True,"SRP,OCP,ISP,DIP"
diff_eval,run_1,OCP_45,MODERATE,PYTHON,OCP,DIP,OCP,False,True,0.5,2,173.71,True,155.0,4320.0,1040.0,4.0,True,"SRP,OCP,ISP,DIP"
diff_eval,run_1,OCP_46,MODERATE,PYTHON,OCP,DIP,SRP,False,False,0.0,0,115.69,False,104.0,2760.0,621.0,4.0,True,"SRP,OCP,ISP,DIP"
diff_eval,run_1,OCP_47,MODERATE,PYTHON,OCP,DIP,SRP,False,False,0.0,0,262.61,False,217.0,7648.0,1898.0,4.0,True,"SRP,OCP,ISP,DIP"
diff_eval,run_1,OCP_48,MODERATE,PYTHON,OCP,SRP,DIP,False,False,0.0,0,219.48,False,184.0,7522.0,1974.0,4.0,True,"SRP,OCP,ISP,DIP"
diff_eval,run_1,LSP_1,EASY,JAVA,LSP,LSP,SRP,True,True,1.0,1,53.34,True,25.0,481.0,103.0,4.0,True,"SRP,LSP,ISP,DIP"
diff_eval,run_1,LSP_2,EASY,PYTHON,LSP,LSP,ISP,True,True,1.0,1,41.36,True,15.0,309.0,76.0,5.0,True,"SRP,OCP,LSP,ISP,DIP"
diff_eval,run_1,LSP_3,EASY,KOTLIN,LSP,LSP,DIP,True,True,1.0,1,46.77,True,23.0,384.0,87.0,3.0,True,"LSP,ISP,DIP"
diff_eval,run_1,LSP_4,EASY,C#,LSP,LSP,SRP,True,True,1.0,1,55.41,True,31.0,473.0,98.0,4.0,True,"SRP,LSP,ISP,DIP"
diff_eval,run_1,LSP_5,MODERATE,JAVA,LSP,LSP,DIP,True,True,1.0,1,88.45,True,92.0,2277.0,439.0,5.0,True,"SRP,OCP,LSP,ISP,DIP"
diff_eval,run_1,LSP_6,MODERATE,PYTHON,LSP,LSP,SRP,True,True,1.0,1,101.96,True,67.0,1841.0,377.0,4.0,True,"SRP,OCP,LSP,ISP"
diff_eval,run_1,LSP_7,MODERATE,KOTLIN,LSP,DIP,OCP,False,False,0.0,0,75.86,False,58.0,1632.0,344.0,3.0,False,"OCP,ISP,DIP"
diff_eval,run_1,LSP_8,MODERATE,C#,LSP,LSP,ISP,True,True,1.0,1,95.78,True,93.0,2189.0,422.0,4.0,True,"SRP,LSP,ISP,DIP"
diff_eval,run_1,LSP_9,HARD,JAVA,LSP,LSP,ISP,True,True,1.0,1,345.81,True,233.0,7879.0,1520.0,5.0,True,"SRP,OCP,LSP,ISP,DIP"
diff_eval,run_1,LSP_10,HARD,PYTHON,LSP,LSP,ISP,True,True,1.0,1,273.99,True,230.0,7392.0,1436.0,5.0,True,"SRP,OCP,LSP,ISP,DIP"
diff_eval,run_1,LSP_11,HARD,KOTLIN,LSP,LSP,ISP,True,True,1.0,1,210.97,True,176.0,5663.0,1116.0,5.0,True,"SRP,OCP,LSP,ISP,DIP"
diff_eval,run_1,LSP_12,HARD,C#,LSP,LSP,ISP,True,True,1.0,1,260.76,True,253.0,7497.0,1397.0,4.0,True,"SRP,LSP,ISP,DIP"
diff_eval,run_1,LSP_13,EASY,JAVA,LSP,LSP,SRP,True,True,1.0,1,49.37,True,22.0,679.0,124.0,3.0,True,"SRP,LSP,ISP"
diff_eval,run_1,LSP_14,EASY,PYTHON,LSP,SRP,OCP,False,False,0.0,0,43.69,False,13.0,488.0,99.0,2.0,False,"SRP,OCP"
diff_eval,run_1,LSP_15,EASY,KOTLIN,LSP,LSP,OCP,True,True,1.0,1,41.73,True,20.0,582.0,108.0,4.0,True,"SRP,OCP,LSP,ISP"
diff_eval,run_1,LSP_16,EASY,C#,LSP,LSP,SRP,True,True,1.0,1,50.67,True,28.0,681.0,124.0,4.0,True,"SRP,OCP,LSP,ISP"
diff_eval,run_1,LSP_17,MODERATE,JAVA,LSP,LSP,DIP,True,True,1.0,1,126.9,True,111.0,3277.0,542.0,4.0,True,"SRP,LSP,ISP,DIP"
diff_eval,run_1,LSP_18,MODERATE,PYTHON,LSP,SRP,OCP,False,False,0.0,0,103.35,False,75.0,2418.0,422.0,5.0,True,"SRP,OCP,LSP,ISP,DIP"
diff_eval,run_1,LSP_19,MODERATE,KOTLIN,LSP,LSP,OCP,True,True,1.0,1,91.85,True,64.0,2369.0,429.0,5.0,True,"SRP,OCP,LSP,ISP,DIP"
diff_eval,run_1,LSP_20,MODERATE,C#,LSP,LSP,SRP,True,True,1.0,1,132.24,True,126.0,3434.0,551.0,4.0,True,"SRP,LSP,ISP,DIP"
diff_eval,run_1,LSP_21,HARD,JAVA,LSP,ISP,DIP,False,False,0.0,0,226.8,False,226.0,8552.0,1432.0,5.0,True,"SRP,OCP,LSP,ISP,DIP"
diff_eval,run_1,LSP_22,HARD,PYTHON,LSP,LSP,ISP,True,True,1.0,1,209.85,True,192.0,7006.0,1222.0,5.0,True,"SRP,OCP,LSP,ISP,DIP"
diff_eval,run_1,LSP_23,HARD,KOTLIN,LSP,ISP,DIP,False,False,0.0,0,211.48,False,249.0,8058.0,1313.0,4.0,False,"SRP,OCP,ISP,DIP"
diff_eval,run_1,LSP_24,HARD,C#,LSP,LSP,SRP,True,True,1.0,1,361.28,True,324.0,9455.0,1470.0,5.0,True,"SRP,OCP,LSP,ISP,DIP"
diff_eval,run_1,LSP_25,EASY,JAVA,LSP,DIP,OCP,False,False,0.0,0,52.9,False,35.0,952.0,148.0,4.0,False,"SRP,OCP,ISP,DIP"
diff_eval,run_1,LSP_26,EASY,PYTHON,LSP,DIP,OCP,False,False,0.0,0,44.77,False,24.0,762.0,153.0,4.0,False,"SRP,OCP,ISP,DIP"
diff_eval,run_1,LSP_27,EASY,KOTLIN,LSP,DIP,OCP,False,False,0.0,0,56.07,False,30.0,890.0,144.0,3.0,False,"SRP,OCP,DIP"
diff_eval,run_1,LSP_28,EASY,C#,LSP,DIP,OCP,False,False,0.0,0,63.09,False,42.0,1123.0,193.0,3.0,False,"SRP,OCP,DIP"
diff_eval,run_1,LSP_29,MODERATE,JAVA,LSP,DIP,ISP,False,False,0.0,0,109.83,False,114.0,3897.0,783.0,4.0,False,"SRP,OCP,ISP,DIP"
diff_eval,run_1,LSP_30,MODERATE,PYTHON,LSP,LSP,DIP,True,True,1.0,1,145.47,True,88.0,3657.0,722.0,4.0,True,"SRP,LSP,ISP,DIP"
diff_eval,run_1,LSP_31,MODERATE,KOTLIN,LSP,LSP,DIP,True,True,1.0,1,135.92,True,94.0,3503.0,622.0,4.0,True,"SRP,LSP,ISP,DIP"
diff_eval,run_1,LSP_32,MODERATE,C#,LSP,DIP,LSP,False,True,0.5,2,161.04,True,145.0,4433.0,776.0,5.0,True,"SRP,OCP,LSP,ISP,DIP"
diff_eval,run_1,LSP_33,HARD,JAVA,LSP,LSP,DIP,True,True,1.0,1,446.78,True,277.0,9959.0,1726.0,5.0,True,"SRP,OCP,LSP,ISP,DIP"
diff_eval,run_1,LSP_34,HARD,PYTHON,LSP,LSP,DIP,True,True,1.0,1,224.22,True,317.0,12199.0,1961.0,5.0,True,"SRP,OCP,LSP,ISP,DIP"
diff_eval,run_1,LSP_35,HARD,KOTLIN,LSP,LSP,DIP,True,True,1.0,1,1253.57,True,358.0,12785.0,2019.0,5.0,True,"SRP,OCP,LSP,ISP,DIP"
diff_eval,run_1,LSP_36,HARD,C#,LSP,LSP,DIP,True,True,1.0,1,313.31,True,458.0,14758.0,2270.0,5.0,True,"SRP,OCP,LSP,ISP,DIP"
diff_eval,run_1,LSP_37,EASY,JAVA,LSP,LSP,SRP,True,True,1.0,1,47.21,True,38.0,855.0,161.0,3.0,True,"SRP,LSP,ISP"
diff_eval,run_1,LSP_38,EASY,PYTHON,LSP,LSP,ISP,True,True,1.0,1,51.01,True,33.0,740.0,149.0,3.0,True,"SRP,LSP,ISP"
diff_eval,run_1,LSP_39,EASY,KOTLIN,LSP,LSP,ISP,True,True,1.0,1,46.32,True,24.0,577.0,116.0,3.0,True,"SRP,LSP,ISP"
diff_eval,run_1,LSP_40,EASY,C#,LSP,LSP,ISP,True,True,1.0,1,56.49,True,42.0,864.0,159.0,2.0,True,"LSP,ISP"
diff_eval,run_1,LSP_41,MODERATE,JAVA,LSP,LSP,SRP,True,True,1.0,1,94.82,True,91.0,2684.0,511.0,5.0,True,"SRP,OCP,LSP,ISP,DIP"
diff_eval,run_1,LSP_42,MODERATE,PYTHON,LSP,LSP,SRP,True,True,1.0,1,97.29,True,82.0,2262.0,437.0,5.0,True,"SRP,OCP,LSP,ISP,DIP"
diff_eval,run_1,LSP_43,MODERATE,KOTLIN,LSP,LSP,ISP,True,True,1.0,1,94.27,True,71.0,2017.0,369.0,5.0,True,"SRP,OCP,LSP,ISP,DIP"
diff_eval,run_1,LSP_44,MODERATE,C#,LSP,LSP,SRP,True,True,1.0,1,119.32,True,112.0,2849.0,515.0,5.0,True,"SRP,OCP,LSP,ISP,DIP"
diff_eval,run_1,LSP_45,HARD,JAVA,LSP,LSP,ISP,True,True,1.0,1,227.28,True,212.0,8668.0,1509.0,5.0,True,"SRP,OCP,LSP,ISP,DIP"
diff_eval,run_1,LSP_46,HARD,PYTHON,LSP,ISP,DIP,False,False,0.0,0,197.01,False,164.0,6480.0,1225.0,5.0,True,"SRP,OCP,LSP,ISP,DIP"
diff_eval,run_1,LSP_47,HARD,KOTLIN,LSP,LSP,ISP,True,True,1.0,1,199.5,True,202.0,6693.0,1137.0,5.0,True,"SRP,OCP,LSP,ISP,DIP"
diff_eval,run_1,LSP_48,HARD,C#,LSP,LSP,SRP,True,True,1.0,1,252.28,True,272.0,8682.0,1487.0,5.0,True,"SRP,OCP,LSP,ISP,DIP"
diff_eval,run_1,ISP_1,EASY,CSHARP,ISP,ISP,LSP,True,True,1.0,1,68.06,True,89.0,1737.0,335.0,2.0,True,"LSP,ISP"
diff_eval,run_1,ISP_2,EASY,CSHARP,ISP,LSP,ISP,False,True,0.5,2,85.46,True,94.0,2055.0,397.0,4.0,True,"SRP,OCP,LSP,ISP"
diff_eval,run_1,ISP_3,EASY,CSHARP,ISP,ISP,OCP,True,True,1.0,1,42.63,True,63.0,1140.0,225.0,2.0,True,"OCP,ISP"
diff_eval,run_1,ISP_4,EASY,CSHARP,ISP,LSP,ISP,False,True,0.5,2,53.02,True,44.0,664.0,140.0,3.0,True,"SRP,LSP,ISP"
diff_eval,run_1,ISP_5,HARD,CSHARP,ISP,ISP,DIP,True,True,1.0,1,210.77,True,511.0,11621.0,2179.0,4.0,True,"SRP,OCP,ISP,DIP"
diff_eval,run_1,ISP_6,HARD,CSHARP,ISP,ISP,DIP,True,True,1.0,1,224.72,True,461.0,10993.0,2063.0,4.0,True,"SRP,OCP,ISP,DIP"
diff_eval,run_1,ISP_7,HARD,CSHARP,ISP,ISP,OCP,True,True,1.0,1,153.8,True,660.0,17075.0,3079.0,3.0,True,"SRP,OCP,ISP"
diff_eval,run_1,ISP_8,HARD,CSHARP,ISP,ISP,SRP,True,True,1.0,1,253.21,True,473.0,10539.0,1842.0,4.0,True,"SRP,OCP,ISP,DIP"
diff_eval,run_1,ISP_9,MODERATE,CSHARP,ISP,ISP,OCP,True,True,1.0,1,153.09,True,287.0,6316.0,1191.0,3.0,True,"SRP,OCP,ISP"
diff_eval,run_1,ISP_10,MODERATE,CSHARP,ISP,LSP,ISP,False,True,0.5,2,198.43,True,259.0,6299.0,1201.0,4.0,True,"SRP,OCP,LSP,ISP"
diff_eval,run_1,ISP_11,MODERATE,CSHARP,ISP,ISP,SRP,True,True,1.0,1,79.18,True,149.0,2838.0,539.0,3.0,True,"SRP,OCP,ISP"
diff_eval,run_1,ISP_12,MODERATE,CSHARP,ISP,ISP,DIP,True,True,1.0,1,158.68,True,291.0,5721.0,1030.0,4.0,True,"SRP,OCP,ISP,DIP"
diff_eval,run_1,ISP_13,EASY,JAVA,ISP,LSP,ISP,False,True,0.5,2,96.18,True,77.0,1793.0,362.0,3.0,True,"LSP,ISP,DIP"
diff_eval,run_1,ISP_14,EASY,JAVA,ISP,ISP,OCP,True,True,1.0,1,71.56,True,88.0,2183.0,430.0,3.0,True,"SRP,OCP,ISP"
diff_eval,run_1,ISP_15,EASY,JAVA,ISP,ISP,OCP,True,True,1.0,1,45.17,True,48.0,1121.0,240.0,2.0,True,"OCP,ISP"
diff_eval,run_1,ISP_16,EASY,JAVA,ISP,ISP,,True,True,1.0,1,35.64,True,34.0,654.0,147.0,1.0,True,ISP
diff_eval,run_1,ISP_17,HARD,JAVA,ISP,ISP,DIP,True,True,1.0,1,211.0,True,416.0,11445.0,2334.0,4.0,True,"SRP,OCP,ISP,DIP"
diff_eval,run_1,ISP_18,HARD,JAVA,ISP,ISP,DIP,True,True,1.0,1,242.85,True,436.0,11756.0,2280.0,4.0,True,"SRP,OCP,ISP,DIP"
diff_eval,run_1,ISP_19,HARD,JAVA,ISP,ISP,OCP,True,True,1.0,1,169.04,True,482.0,15667.0,3266.0,3.0,True,"SRP,OCP,ISP"
diff_eval,run_1,ISP_20,HARD,JAVA,ISP,SRP,ISP,False,True,0.5,2,261.57,True,351.0,10063.0,1914.0,4.0,True,"SRP,OCP,ISP,DIP"
diff_eval,run_1,ISP_21,MODERATE,JAVA,ISP,ISP,DIP,True,True,1.0,1,175.45,True,226.0,6148.0,1278.0,2.0,True,"ISP,DIP"
diff_eval,run_1,ISP_22,MODERATE,JAVA,ISP,ISP,LSP,True,True,1.0,1,211.76,True,246.0,6487.0,1304.0,4.0,True,"SRP,OCP,LSP,ISP"
diff_eval,run_1,ISP_23,MODERATE,JAVA,ISP,ISP,OCP,True,True,1.0,1,69.58,True,113.0,2744.0,578.0,2.0,True,"OCP,ISP"
diff_eval,run_1,ISP_24,MODERATE,JAVA,ISP,ISP,DIP,True,True,1.0,1,129.42,True,220.0,5450.0,1074.0,4.0,True,"SRP,OCP,ISP,DIP"
diff_eval,run_1,ISP_25,EASY,KOTLIN,ISP,LSP,ISP,False,True,0.5,2,76.67,True,57.0,1378.0,271.0,5.0,True,"SRP,OCP,LSP,ISP,DIP"
diff_eval,run_1,ISP_26,EASY,KOTLIN,ISP,LSP,ISP,False,True,0.5,2,84.17,True,79.0,1898.0,342.0,3.0,True,"SRP,LSP,ISP"
diff_eval,run_1,ISP_27,EASY,KOTLIN,ISP,ISP,OCP,True,True,1.0,1,50.31,True,47.0,988.0,192.0,2.0,True,"OCP,ISP"
diff_eval,run_1,ISP_28,EASY,KOTLIN,ISP,ISP,LSP,True,True,1.0,1,44.82,True,34.0,571.0,117.0,2.0,True,"LSP,ISP"
diff_eval,run_1,ISP_29,HARD,KOTLIN,ISP,ISP,SRP,True,True,1.0,1,264.08,True,331.0,9289.0,1790.0,5.0,True,"SRP,OCP,LSP,ISP,DIP"
diff_eval,run_1,ISP_30,HARD,KOTLIN,ISP,ISP,LSP,True,True,1.0,1,173.45,True,371.0,9990.0,1827.0,3.0,True,"SRP,LSP,ISP"
diff_eval,run_1,ISP_31,HARD,KOTLIN,ISP,ISP,SRP,True,True,1.0,1,262.58,True,482.0,13948.0,2576.0,5.0,True,"SRP,OCP,LSP,ISP,DIP"
diff_eval,run_1,ISP_32,HARD,KOTLIN,ISP,LSP,SRP,False,False,0.0,0,274.71,False,310.0,8522.0,1485.0,5.0,True,"SRP,OCP,LSP,ISP,DIP"
diff_eval,run_1,ISP_33,MODERATE,KOTLIN,ISP,LSP,ISP,False,True,0.5,2,187.61,True,189.0,5219.0,977.0,4.0,True,"SRP,OCP,LSP,ISP"
diff_eval,run_1,ISP_34,MODERATE,KOTLIN,ISP,LSP,ISP,False,True,0.5,2,148.57,True,209.0,5799.0,1085.0,3.0,True,"SRP,LSP,ISP"
diff_eval,run_1,ISP_35,MODERATE,KOTLIN,ISP,ISP,OCP,True,True,1.0,1,77.02,True,112.0,2448.0,462.0,3.0,True,"OCP,ISP,DIP"
diff_eval,run_1,ISP_36,MODERATE,KOTLIN,ISP,LSP,ISP,False,True,0.5,2,144.13,True,166.0,4233.0,781.0,4.0,True,"OCP,LSP,ISP,DIP"
diff_eval,run_1,ISP_37,EASY,PYTHON,ISP,LSP,ISP,False,True,0.5,2,72.44,True,60.0,1516.0,327.0,4.0,True,"SRP,OCP,LSP,ISP"
diff_eval,run_1,ISP_38,EASY,PYTHON,ISP,LSP,ISP,False,True,0.5,2,91.13,True,81.0,2099.0,413.0,4.0,True,"SRP,OCP,LSP,ISP"
diff_eval,run_1,ISP_39,EASY,PYTHON,ISP,ISP,SRP,True,True,1.0,1,55.62,True,44.0,1045.0,206.0,3.0,True,"SRP,OCP,ISP"
diff_eval,run_1,ISP_40,EASY,PYTHON,ISP,ISP,LSP,True,True,1.0,1,49.25,True,34.0,629.0,134.0,3.0,True,"SRP,LSP,ISP"
diff_eval,run_1,ISP_41,HARD,PYTHON,ISP,LSP,ISP,False,True,0.5,2,215.53,True,328.0,9475.0,1983.0,5.0,True,"SRP,OCP,LSP,ISP,DIP"
diff_eval,run_1,ISP_42,HARD,PYTHON,ISP,ISP,LSP,True,True,1.0,1,273.04,True,357.0,10176.0,1938.0,4.0,True,"SRP,OCP,LSP,ISP"
diff_eval,run_1,ISP_43,HARD,PYTHON,ISP,,,False,False,0.0,0,137.51,False,425.0,13827.0,2633.0,0.0,False,
diff_eval,run_1,ISP_44,HARD,PYTHON,ISP,LSP,OCP,False,False,0.0,0,275.4,False,295.0,8947.0,1624.0,5.0,True,"SRP,OCP,LSP,ISP,DIP"
diff_eval,run_1,ISP_45,MODERATE,PYTHON,ISP,ISP,SRP,True,True,1.0,1,203.15,True,178.0,5209.0,1105.0,4.0,True,"SRP,LSP,ISP,DIP"
diff_eval,run_1,ISP_46,MODERATE,PYTHON,ISP,LSP,ISP,False,True,0.5,2,182.11,True,202.0,5849.0,1163.0,3.0,True,"SRP,LSP,ISP"
diff_eval,run_1,ISP_47,MODERATE,PYTHON,ISP,ISP,LSP,True,True,1.0,1,81.75,True,108.0,2625.0,505.0,3.0,True,"OCP,LSP,ISP"
diff_eval,run_1,ISP_48,MODERATE,PYTHON,ISP,LSP,ISP,False,True,0.5,2,157.82,True,177.0,4573.0,909.0,5.0,True,"SRP,OCP,LSP,ISP,DIP"
diff_eval,run_1,DIP_1,EASY,JAVA,DIP,DIP,SRP,True,True,1.0,1,44.47,True,23.0,593.0,121.0,4.0,True,"SRP,OCP,ISP,DIP"
diff_eval,run_1,DIP_2,EASY,PYTHON,DIP,DIP,SRP,True,True,1.0,1,39.13,True,15.0,441.0,100.0,4.0,True,"SRP,OCP,ISP,DIP"
diff_eval,run_1,DIP_3,EASY,KOTLIN,DIP,DIP,OCP,True,True,1.0,1,37.95,True,19.0,441.0,90.0,4.0,True,"SRP,OCP,ISP,DIP"
diff_eval,run_1,DIP_4,EASY,C#,DIP,DIP,SRP,True,True,1.0,1,46.65,True,29.0,591.0,114.0,4.0,True,"SRP,OCP,ISP,DIP"
diff_eval,run_1,DIP_5,MODERATE,JAVA,DIP,DIP,SRP,True,True,1.0,1,72.22,True,77.0,2288.0,427.0,4.0,True,"SRP,OCP,ISP,DIP"
diff_eval,run_1,DIP_6,MODERATE,PYTHON,DIP,DIP,SRP,True,True,1.0,1,66.49,True,54.0,1844.0,361.0,4.0,True,"SRP,OCP,ISP,DIP"
diff_eval,run_1,DIP_7,MODERATE,KOTLIN,DIP,DIP,SRP,True,True,1.0,1,79.27,True,65.0,1828.0,337.0,4.0,True,"SRP,OCP,ISP,DIP"
diff_eval,run_1,DIP_8,MODERATE,C#,DIP,DIP,SRP,True,True,1.0,1,68.35,True,94.0,2405.0,429.0,4.0,True,"SRP,OCP,ISP,DIP"
diff_eval,run_1,DIP_9,HARD,JAVA,DIP,DIP,SRP,True,True,1.0,1,170.98,True,229.0,8620.0,1493.0,4.0,True,"SRP,OCP,ISP,DIP"
diff_eval,run_1,DIP_10,HARD,PYTHON,DIP,DIP,SRP,True,True,1.0,1,167.08,True,167.0,6938.0,1281.0,4.0,True,"SRP,OCP,ISP,DIP"
diff_eval,run_1,DIP_11,HARD,KOTLIN,DIP,DIP,SRP,True,True,1.0,1,145.5,True,191.0,6234.0,1071.0,4.0,True,"SRP,OCP,ISP,DIP"
diff_eval,run_1,DIP_12,HARD,C#,DIP,DIP,SRP,True,True,1.0,1,179.63,True,267.0,8372.0,1398.0,4.0,True,"SRP,OCP,ISP,DIP"
diff_eval,run_1,DIP_13,EASY,JAVA,DIP,DIP,OCP,True,True,1.0,1,39.15,True,18.0,465.0,77.0,3.0,True,"SRP,OCP,DIP"
diff_eval,run_1,DIP_14,EASY,PYTHON,DIP,DIP,OCP,True,True,1.0,1,41.28,True,11.0,331.0,59.0,3.0,True,"SRP,OCP,DIP"
diff_eval,run_1,DIP_15,EASY,KOTLIN,DIP,DIP,OCP,True,True,1.0,1,39.63,True,14.0,344.0,59.0,2.0,True,"OCP,DIP"
diff_eval,run_1,DIP_16,EASY,C#,DIP,DIP,OCP,True,True,1.0,1,37.73,True,23.0,463.0,72.0,3.0,True,"SRP,OCP,DIP"
diff_eval,run_1,DIP_17,MODERATE,JAVA,DIP,SRP,OCP,False,False,0.0,0,74.94,False,56.0,1872.0,363.0,4.0,True,"SRP,OCP,ISP,DIP"
diff_eval,run_1,DIP_18,MODERATE,PYTHON,DIP,DIP,OCP,True,True,1.0,1,61.75,True,41.0,1407.0,285.0,4.0,True,"SRP,OCP,ISP,DIP"
diff_eval,run_1,DIP_19,MODERATE,KOTLIN,DIP,DIP,OCP,True,True,1.0,1,70.91,True,53.0,1600.0,289.0,4.0,True,"SRP,OCP,ISP,DIP"
diff_eval,run_1,DIP_20,MODERATE,C#,DIP,OCP,DIP,False,True,0.5,2,67.12,True,76.0,1950.0,346.0,4.0,True,"SRP,OCP,ISP,DIP"
diff_eval,run_1,DIP_21,HARD,JAVA,DIP,DIP,OCP,True,True,1.0,1,198.16,True,207.0,8107.0,1494.0,4.0,True,"SRP,OCP,ISP,DIP"
diff_eval,run_1,DIP_22,HARD,PYTHON,DIP,OCP,DIP,False,True,0.5,2,187.39,True,145.0,6645.0,1326.0,4.0,True,"SRP,OCP,ISP,DIP"
diff_eval,run_1,DIP_23,HARD,KOTLIN,DIP,DIP,SRP,True,True,1.0,1,174.44,True,155.0,6261.0,1145.0,4.0,True,"SRP,OCP,ISP,DIP"
diff_eval,run_1,DIP_24,HARD,C#,DIP,DIP,OCP,True,True,1.0,1,154.24,True,235.0,8702.0,1381.0,4.0,True,"SRP,OCP,ISP,DIP"
diff_eval,run_1,DIP_25,EASY,JAVA,DIP,SRP,DIP,False,True,0.5,2,56.23,True,22.0,583.0,111.0,4.0,True,"SRP,OCP,ISP,DIP"
diff_eval,run_1,DIP_26,EASY,PYTHON,DIP,SRP,ISP,False,False,0.0,0,36.56,False,18.0,496.0,86.0,3.0,False,"SRP,OCP,ISP"
diff_eval,run_1,DIP_27,EASY,KOTLIN,DIP,DIP,SRP,True,True,1.0,1,43.17,True,22.0,531.0,98.0,4.0,True,"SRP,OCP,ISP,DIP"
diff_eval,run_1,DIP_28,EASY,C#,DIP,DIP,SRP,True,True,1.0,1,55.28,True,31.0,595.0,91.0,4.0,True,"SRP,OCP,ISP,DIP"
diff_eval,run_1,DIP_29,MODERATE,JAVA,DIP,DIP,SRP,True,True,1.0,1,78.71,True,72.0,2198.0,409.0,4.0,True,"SRP,OCP,ISP,DIP"
diff_eval,run_1,DIP_30,MODERATE,PYTHON,DIP,DIP,SRP,True,True,1.0,1,73.44,True,58.0,1890.0,334.0,4.0,True,"SRP,OCP,ISP,DIP"
diff_eval,run_1,DIP_31,MODERATE,KOTLIN,DIP,SRP,DIP,False,True,0.5,2,68.75,True,63.0,1838.0,353.0,4.0,True,"SRP,OCP,ISP,DIP"
diff_eval,run_1,DIP_32,MODERATE,C#,DIP,DIP,ISP,True,True,1.0,1,75.69,True,91.0,2078.0,332.0,4.0,True,"SRP,OCP,ISP,DIP"
diff_eval,run_1,DIP_33,HARD,JAVA,DIP,SRP,DIP,False,True,0.5,2,144.36,True,164.0,6576.0,1156.0,4.0,True,"SRP,OCP,ISP,DIP"
diff_eval,run_1,DIP_34,HARD,PYTHON,DIP,SRP,DIP,False,True,0.5,2,157.87,True,152.0,6056.0,1102.0,4.0,True,"SRP,OCP,ISP,DIP"
diff_eval,run_1,DIP_35,HARD,KOTLIN,DIP,DIP,SRP,True,True,1.0,1,201.73,True,244.0,8715.0,1532.0,4.0,True,"SRP,OCP,ISP,DIP"
diff_eval,run_1,DIP_36,HARD,C#,DIP,SRP,DIP,False,True,0.5,2,235.26,True,305.0,10242.0,1817.0,4.0,True,"SRP,OCP,ISP,DIP"
diff_eval,run_1,DIP_37,EASY,JAVA,DIP,DIP,OCP,True,True,1.0,1,43.29,True,17.0,479.0,85.0,3.0,True,"OCP,ISP,DIP"
diff_eval,run_1,DIP_38,EASY,PYTHON,DIP,DIP,OCP,True,True,1.0,1,41.71,True,10.0,344.0,67.0,2.0,True,"OCP,DIP"
diff_eval,run_1,DIP_39,EASY,KOTLIN,DIP,DIP,OCP,True,True,1.0,1,42.22,True,13.0,348.0,64.0,2.0,True,"OCP,DIP"
diff_eval,run_1,DIP_40,EASY,C#,DIP,DIP,OCP,True,True,1.0,1,44.97,True,22.0,479.0,81.0,2.0,True,"OCP,DIP"
diff_eval,run_1,DIP_41,MODERATE,JAVA,DIP,DIP,SRP,True,True,1.0,1,78.44,True,62.0,2021.0,336.0,4.0,True,"SRP,OCP,ISP,DIP"
diff_eval,run_1,DIP_42,MODERATE,PYTHON,DIP,DIP,OCP,True,True,1.0,1,62.05,True,40.0,1586.0,277.0,4.0,True,"SRP,OCP,ISP,DIP"
diff_eval,run_1,DIP_43,MODERATE,KOTLIN,DIP,DIP,SRP,True,True,1.0,1,69.98,True,46.0,1576.0,275.0,4.0,True,"SRP,OCP,ISP,DIP"
diff_eval,run_1,DIP_44,MODERATE,C#,DIP,DIP,SRP,True,True,1.0,1,74.07,True,77.0,2059.0,330.0,4.0,True,"SRP,OCP,ISP,DIP"
diff_eval,run_1,DIP_45,HARD,JAVA,DIP,DIP,SRP,True,True,1.0,1,161.51,True,138.0,5087.0,945.0,4.0,True,"SRP,OCP,ISP,DIP"
diff_eval,run_1,DIP_46,HARD,PYTHON,DIP,DIP,OCP,True,True,1.0,1,135.21,True,106.0,4499.0,850.0,4.0,True,"SRP,OCP,ISP,DIP"
diff_eval,run_1,DIP_47,HARD,KOTLIN,DIP,DIP,OCP,True,True,1.0,1,142.12,True,127.0,4464.0,805.0,4.0,True,"SRP,OCP,ISP,DIP"
diff_eval,run_1,DIP_48,HARD,C#,DIP,DIP,OCP,True,True,1.0,1,151.56,True,170.0,5347.0,962.0,4.0,True,"SRP,OCP,ISP,DIP"
diff_eval,run_2,SRP_1,EASY,JAVA,SRP,OCP,,False,False,0.0,0,35.1,False,17.0,409.0,85.0,1.0,False,OCP
diff_eval,run_2,SRP_2,EASY,JAVA,SRP,SRP,,True,True,1.0,1,37.1,True,19.0,534.0,96.0,3.0,True,"SRP,OCP,ISP"
diff_eval,run_2,SRP_3,EASY,JAVA,SRP,SRP,,True,True,1.0,1,34.86,True,21.0,569.0,122.0,2.0,True,"SRP,OCP"
diff_eval,run_2,SRP_4,EASY,JAVA,SRP,SRP,,True,True,1.0,1,36.16,True,17.0,416.0,86.0,1.0,True,SRP
diff_eval,run_2,SRP_5,MODERATE,JAVA,SRP,DIP,,False,False,0.0,0,107.51,False,168.0,4688.0,922.0,4.0,True,"SRP,OCP,ISP,DIP"
diff_eval,run_2,SRP_6,MODERATE,JAVA,SRP,DIP,,False,False,0.0,0,168.48,False,256.0,7899.0,1471.0,4.0,True,"SRP,OCP,ISP,DIP"
diff_eval,run_2,SRP_7,MODERATE,JAVA,SRP,DIP,,False,False,0.0,0,192.33,False,185.0,6117.0,1510.0,4.0,True,"SRP,OCP,ISP,DIP"
diff_eval,run_2,SRP_8,MODERATE,JAVA,SRP,DIP,,False,False,0.0,0,136.06,False,124.0,4615.0,906.0,4.0,True,"SRP,OCP,ISP,DIP"
diff_eval,run_2,SRP_9,HARD,JAVA,SRP,DIP,,False,False,0.0,0,212.39,False,370.0,12738.0,2568.0,4.0,True,"SRP,OCP,ISP,DIP"
diff_eval,run_2,SRP_10,HARD,JAVA,SRP,DIP,,False,False,0.0,0,195.89,False,337.0,13357.0,2597.0,4.0,True,"SRP,OCP,ISP,DIP"
diff_eval,run_2,SRP_11,HARD,JAVA,SRP,,,False,False,0.0,0,202.97,False,330.0,12494.0,2630.0,0.0,False,
diff_eval,run_2,SRP_12,HARD,JAVA,SRP,SRP,,True,True,1.0,1,306.76,True,388.0,16985.0,3462.0,4.0,True,"SRP,OCP,ISP,DIP"
diff_eval,run_2,SRP_13,EASY,PYTHON,SRP,OCP,,False,False,0.0,0,31.96,False,10.0,286.0,65.0,1.0,False,OCP
diff_eval,run_2,SRP_14,EASY,PYTHON,SRP,OCP,,False,False,0.0,0,35.52,False,11.0,423.0,86.0,1.0,False,OCP
diff_eval,run_2,SRP_15,EASY,PYTHON,SRP,OCP,,False,False,0.0,0,32.73,False,13.0,390.0,95.0,1.0,False,OCP
diff_eval,run_2,SRP_16,EASY,PYTHON,SRP,SRP,,True,True,1.0,1,30.51,True,10.0,303.0,71.0,2.0,True,"SRP,OCP"
diff_eval,run_2,SRP_17,MODERATE,PYTHON,SRP,DIP,,False,False,0.0,0,123.19,False,120.0,4007.0,858.0,4.0,True,"SRP,OCP,ISP,DIP"
diff_eval,run_2,SRP_18,MODERATE,PYTHON,SRP,DIP,,False,False,0.0,0,167.16,False,195.0,7146.0,1440.0,4.0,True,"SRP,OCP,ISP,DIP"
diff_eval,run_2,SRP_19,MODERATE,PYTHON,SRP,SRP,,True,True,1.0,1,192.22,True,167.0,5735.0,1427.0,4.0,True,"SRP,OCP,ISP,DIP"
diff_eval,run_2,SRP_20,MODERATE,PYTHON,SRP,DIP,,False,False,0.0,0,120.56,False,89.0,3928.0,840.0,4.0,True,"SRP,OCP,ISP,DIP"
diff_eval,run_2,SRP_21,HARD,PYTHON,SRP,SRP,,True,True,1.0,1,252.47,True,254.0,10438.0,2191.0,4.0,True,"SRP,OCP,ISP,DIP"
diff_eval,run_2,SRP_22,HARD,PYTHON,SRP,SRP,,True,True,1.0,1,529.6,True,300.0,12992.0,2443.0,3.0,True,"SRP,ISP,DIP"
diff_eval,run_2,SRP_23,HARD,PYTHON,SRP,DIP,,False,False,0.0,0,218.07,False,248.0,11175.0,2445.0,4.0,True,"SRP,OCP,ISP,DIP"
diff_eval,run_2,SRP_24,HARD,PYTHON,SRP,SRP,,True,True,1.0,1,543.6,True,329.0,14413.0,2800.0,4.0,True,"SRP,OCP,ISP,DIP"
diff_eval,run_2,SRP_25,EASY,KOTLIN,SRP,SRP,,True,True,1.0,1,31.67,True,10.0,229.0,49.0,2.0,True,"SRP,OCP"
diff_eval,run_2,SRP_26,EASY,KOTLIN,SRP,SRP,,True,True,1.0,1,32.79,True,10.0,305.0,63.0,2.0,True,"SRP,OCP"
diff_eval,run_2,SRP_27,EASY,KOTLIN,SRP,SRP,,True,True,1.0,1,35.98,True,12.0,330.0,75.0,3.0,True,"SRP,OCP,ISP"
diff_eval,run_2,SRP_28,EASY,KOTLIN,SRP,SRP,,True,True,1.0,1,34.97,True,10.0,267.0,59.0,2.0,True,"SRP,OCP"
diff_eval,run_2,SRP_29,MODERATE,KOTLIN,SRP,SRP,,True,True,1.0,1,640.19,True,116.0,3523.0,724.0,4.0,True,"SRP,OCP,ISP,DIP"
diff_eval,run_2,SRP_30,MODERATE,KOTLIN,SRP,SRP,,True,True,1.0,1,154.02,True,179.0,6179.0,1174.0,4.0,True,"SRP,OCP,ISP,DIP"
diff_eval,run_2,SRP_31,MODERATE,KOTLIN,SRP,DIP,,False,False,0.0,0,148.19,False,164.0,5372.0,1253.0,4.0,True,"SRP,OCP,ISP,DIP"
diff_eval,run_2,SRP_32,MODERATE,KOTLIN,SRP,DIP,,False,False,0.0,0,128.53,False,102.0,3859.0,742.0,4.0,True,"SRP,OCP,ISP,DIP"
diff_eval,run_2,SRP_33,HARD,KOTLIN,SRP,SRP,,True,True,1.0,1,192.71,True,286.0,9834.0,1910.0,4.0,True,"SRP,OCP,ISP,DIP"
diff_eval,run_2,SRP_34,HARD,KOTLIN,SRP,DIP,,False,False,0.0,0,222.78,False,260.0,10479.0,1959.0,4.0,True,"SRP,OCP,ISP,DIP"
diff_eval,run_2,SRP_35,HARD,KOTLIN,SRP,,,False,False,0.0,0,219.88,False,285.0,10237.0,2089.0,0.0,False,
diff_eval,run_2,SRP_36,HARD,KOTLIN,SRP,DIP,,False,False,0.0,0,358.03,False,361.0,14620.0,2794.0,4.0,True,"SRP,OCP,ISP,DIP"
diff_eval,run_2,SRP_37,EASY,CSHARP,SRP,SRP,,True,True,1.0,1,33.91,True,21.0,428.0,88.0,2.0,True,"SRP,OCP"
diff_eval,run_2,SRP_38,EASY,CSHARP,SRP,OCP,,False,False,0.0,0,36.69,False,23.0,539.0,94.0,1.0,False,OCP
diff_eval,run_2,SRP_39,EASY,CSHARP,SRP,SRP,,True,True,1.0,1,33.84,True,25.0,577.0,122.0,3.0,True,"SRP,OCP,ISP"
diff_eval,run_2,SRP_40,EASY,CSHARP,SRP,SRP,,True,True,1.0,1,33.98,True,21.0,421.0,84.0,2.0,True,"SRP,OCP"
diff_eval,run_2,SRP_41,MODERATE,CSHARP,SRP,SRP,,True,True,1.0,1,126.24,True,184.0,4448.0,842.0,4.0,True,"SRP,OCP,ISP,DIP"
diff_eval,run_2,SRP_42,MODERATE,CSHARP,SRP,DIP,,False,False,0.0,0,165.67,False,289.0,7682.0,1387.0,4.0,True,"SRP,OCP,ISP,DIP"
diff_eval,run_2,SRP_43,MODERATE,CSHARP,SRP,DIP,,False,False,0.0,0,179.04,False,218.0,5972.0,1368.0,4.0,True,"SRP,OCP,ISP,DIP"
diff_eval,run_2,SRP_44,MODERATE,CSHARP,SRP,DIP,,False,False,0.0,0,113.4,False,149.0,4707.0,889.0,4.0,True,"SRP,OCP,ISP,DIP"
diff_eval,run_2,SRP_45,HARD,CSHARP,SRP,DIP,,False,False,0.0,0,277.8,False,395.0,12158.0,2323.0,4.0,True,"SRP,OCP,ISP,DIP"
diff_eval,run_2,SRP_46,HARD,CSHARP,SRP,,,False,False,0.0,0,268.28,False,384.0,13000.0,2343.0,0.0,False,
diff_eval,run_2,SRP_47,HARD,CSHARP,SRP,SRP,,True,True,1.0,1,209.22,True,387.0,13890.0,2458.0,4.0,True,"SRP,OCP,ISP,DIP"
diff_eval,run_2,SRP_48,HARD,CSHARP,SRP,SRP,,True,True,1.0,1,251.96,True,465.0,16946.0,3214.0,4.0,True,"SRP,OCP,ISP,DIP"
diff_eval,run_2,OCP_1,EASY,CSHARP,OCP,OCP,,True,True,1.0,1,68.93,True,72.0,1235.0,237.0,5.0,True,"SRP,OCP,LSP,ISP,DIP"
diff_eval,run_2,OCP_2,EASY,CSHARP,OCP,SRP,,False,False,0.0,0,69.0,False,50.0,1300.0,224.0,4.0,True,"SRP,OCP,ISP,DIP"
diff_eval,run_2,OCP_3,EASY,CSHARP,OCP,DIP,,False,False,0.0,0,58.94,False,49.0,1004.0,202.0,3.0,True,"SRP,OCP,DIP"
diff_eval,run_2,OCP_4,EASY,CSHARP,OCP,OCP,,True,True,1.0,1,69.12,True,53.0,1479.0,282.0,4.0,True,"SRP,OCP,ISP,DIP"
diff_eval,run_2,OCP_5,HARD,CSHARP,OCP,OCP,,True,True,1.0,1,282.84,True,459.0,15744.0,3669.0,5.0,True,"SRP,OCP,LSP,ISP,DIP"
diff_eval,run_2,OCP_6,HARD,CSHARP,OCP,ISP,,False,False,0.0,0,270.05,False,269.0,8599.0,2059.0,4.0,True,"SRP,OCP,ISP,DIP"
diff_eval,run_2,OCP_7,HARD,CSHARP,OCP,SRP,,False,False,0.0,0,441.82,False,415.0,16149.0,3425.0,4.0,True,"SRP,OCP,ISP,DIP"
diff_eval,run_2,OCP_8,HARD,CSHARP,OCP,,,False,False,0.0,0,656.24,False,398.0,15864.0,3495.0,0.0,False,
diff_eval,run_2,OCP_9,MODERATE,CSHARP,OCP,DIP,,False,False,0.0,0,173.83,False,208.0,5450.0,1105.0,4.0,True,"SRP,OCP,ISP,DIP"
diff_eval,run_2,OCP_10,MODERATE,CSHARP,OCP,SRP,,False,False,0.0,0,106.22,False,112.0,2563.0,537.0,3.0,True,"SRP,OCP,DIP"
diff_eval,run_2,OCP_11,MODERATE,CSHARP,OCP,DIP,,False,False,0.0,0,227.24,False,305.0,9205.0,1844.0,4.0,True,"SRP,OCP,ISP,DIP"
diff_eval,run_2,OCP_12,MODERATE,CSHARP,OCP,SRP,,False,False,0.0,0,176.18,False,216.0,10058.0,2191.0,4.0,True,"SRP,OCP,ISP,DIP"
diff_eval,run_2,OCP_13,EASY,JAVA,OCP,SRP,,False,False,0.0,0,76.23,False,57.0,1210.0,234.0,5.0,True,"SRP,OCP,LSP,ISP,DIP"
diff_eval,run_2,OCP_14,EASY,JAVA,OCP,OCP,,True,True,1.0,1,66.8,True,44.0,1316.0,230.0,4.0,True,"SRP,OCP,ISP,DIP"
diff_eval,run_2,OCP_15,EASY,JAVA,OCP,DIP,,False,False,0.0,0,54.64,False,38.0,901.0,190.0,2.0,True,"OCP,DIP"
diff_eval,run_2,OCP_16,EASY,JAVA,OCP,OCP,,True,True,1.0,1,81.9,True,32.0,1218.0,273.0,4.0,True,"SRP,OCP,ISP,DIP"
diff_eval,run_2,OCP_17,HARD,JAVA,OCP,OCP,,True,True,1.0,1,177.61,True,433.0,15628.0,3615.0,5.0,True,"SRP,OCP,LSP,ISP,DIP"
diff_eval,run_2,OCP_18,HARD,JAVA,OCP,OCP,,True,True,1.0,1,235.91,True,210.0,7259.0,1941.0,4.0,True,"SRP,OCP,ISP,DIP"
diff_eval,run_2,OCP_19,HARD,JAVA,OCP,DIP,,False,False,0.0,0,308.8,False,414.0,14950.0,3226.0,4.0,True,"SRP,OCP,ISP,DIP"
diff_eval,run_2,OCP_20,HARD,JAVA,OCP,SRP,,False,False,0.0,0,184.15,False,359.0,15513.0,3677.0,4.0,True,"SRP,OCP,ISP,DIP"
diff_eval,run_2,OCP_21,MODERATE,JAVA,OCP,OCP,,True,True,1.0,1,130.54,True,177.0,5124.0,1093.0,4.0,True,"SRP,OCP,ISP,DIP"
diff_eval,run_2,OCP_22,MODERATE,JAVA,OCP,OCP,,True,True,1.0,1,103.34,True,105.0,2985.0,644.0,4.0,True,"SRP,OCP,ISP,DIP"
diff_eval,run_2,OCP_23,MODERATE,JAVA,OCP,DIP,,False,False,0.0,0,798.96,False,281.0,9648.0,1921.0,4.0,True,"SRP,OCP,ISP,DIP"
diff_eval,run_2,OCP_24,MODERATE,JAVA,OCP,SRP,,False,False,0.0,0,227.88,False,215.0,8998.0,2053.0,4.0,True,"SRP,OCP,ISP,DIP"
diff_eval,run_2,OCP_25,EASY,KOTLIN,OCP,DIP,,False,False,0.0,0,50.65,False,32.0,715.0,156.0,3.0,True,"SRP,OCP,DIP"
diff_eval,run_2,OCP_26,EASY,KOTLIN,OCP,OCP,,True,True,1.0,1,49.16,True,27.0,642.0,114.0,3.0,True,"SRP,OCP,DIP"
diff_eval,run_2,OCP_27,EASY,KOTLIN,OCP,OCP,,True,True,1.0,1,55.34,True,29.0,561.0,121.0,3.0,True,"SRP,OCP,DIP"
diff_eval,run_2,OCP_28,EASY,KOTLIN,OCP,OCP,,True,True,1.0,1,59.9,True,26.0,722.0,161.0,4.0,True,"SRP,OCP,ISP,DIP"
diff_eval,run_2,OCP_29,HARD,KOTLIN,OCP,OCP,,True,True,1.0,1,281.99,True,291.0,10683.0,2647.0,5.0,True,"SRP,OCP,LSP,ISP,DIP"
diff_eval,run_2,OCP_30,HARD,KOTLIN,OCP,DIP,,False,False,0.0,0,204.89,False,159.0,5979.0,1652.0,4.0,True,"SRP,OCP,ISP,DIP"
diff_eval,run_2,OCP_31,HARD,KOTLIN,OCP,SRP,,False,False,0.0,0,260.14,False,320.0,11420.0,2934.0,4.0,True,"SRP,OCP,ISP,DIP"
diff_eval,run_2,OCP_32,HARD,KOTLIN,OCP,DIP,,False,False,0.0,0,187.02,False,287.0,11644.0,2946.0,4.0,True,"SRP,OCP,ISP,DIP"
diff_eval,run_2,OCP_33,MODERATE,KOTLIN,OCP,DIP,,False,False,0.0,0,156.43,False,122.0,4047.0,951.0,4.0,True,"SRP,OCP,ISP,DIP"
diff_eval,run_2,OCP_34,MODERATE,KOTLIN,OCP,DIP,,False,False,0.0,0,75.11,False,85.0,2208.0,510.0,2.0,True,"OCP,DIP"
diff_eval,run_2,OCP_35,MODERATE,KOTLIN,OCP,DIP,,False,False,0.0,0,210.96,False,218.0,6916.0,1671.0,3.0,True,"OCP,ISP,DIP"
diff_eval,run_2,OCP_36,MODERATE,KOTLIN,OCP,OCP,,True,True,1.0,1,180.26,True,185.0,6791.0,1556.0,4.0,True,"SRP,OCP,ISP,DIP"
diff_eval,run_2,OCP_37,EASY,PYTHON,OCP,LSP,,False,False,0.0,0,68.71,False,41.0,935.0,194.0,4.0,True,"SRP,OCP,LSP,DIP"
diff_eval,run_2,OCP_38,EASY,PYTHON,OCP,OCP,,True,True,1.0,1,61.95,True,39.0,1028.0,197.0,3.0,True,"SRP,OCP,DIP"
diff_eval,run_2,OCP_39,EASY,PYTHON,OCP,OCP,,True,True,1.0,1,57.96,True,47.0,901.0,191.0,3.0,True,"SRP,OCP,DIP"
diff_eval,run_2,OCP_40,EASY,PYTHON,OCP,DIP,,False,False,0.0,0,61.28,False,43.0,1098.0,247.0,4.0,True,"SRP,OCP,ISP,DIP"
diff_eval,run_2,OCP_41,HARD,PYTHON,OCP,OCP,,True,True,1.0,1,326.36,True,375.0,11987.0,2980.0,5.0,True,"SRP,OCP,LSP,ISP,DIP"
diff_eval,run_2,OCP_42,HARD,PYTHON,OCP,DIP,,False,False,0.0,0,256.75,False,263.0,7531.0,1970.0,4.0,True,"SRP,OCP,ISP,DIP"
diff_eval,run_2,OCP_43,HARD,PYTHON,OCP,DIP,,False,False,0.0,0,960.32,False,317.0,11169.0,2855.0,4.0,True,"SRP,OCP,ISP,DIP"
diff_eval,run_2,OCP_44,HARD,PYTHON,OCP,SRP,,False,False,0.0,0,373.11,False,281.0,11552.0,3174.0,4.0,True,"SRP,OCP,ISP,DIP"
diff_eval,run_2,OCP_45,MODERATE,PYTHON,OCP,DIP,,False,False,0.0,0,174.34,False,155.0,4320.0,1040.0,4.0,True,"SRP,OCP,ISP,DIP"
diff_eval,run_2,OCP_46,MODERATE,PYTHON,OCP,DIP,,False,False,0.0,0,115.51,False,104.0,2760.0,621.0,4.0,True,"SRP,OCP,ISP,DIP"
diff_eval,run_2,OCP_47,MODERATE,PYTHON,OCP,DIP,,False,False,0.0,0,266.86,False,217.0,7648.0,1898.0,4.0,True,"SRP,OCP,ISP,DIP"
diff_eval,run_2,OCP_48,MODERATE,PYTHON,OCP,SRP,,False,False,0.0,0,218.97,False,184.0,7522.0,1974.0,4.0,True,"SRP,OCP,ISP,DIP"
diff_eval,run_2,LSP_1,EASY,JAVA,LSP,LSP,,True,True,1.0,1,52.76,True,25.0,481.0,103.0,4.0,True,"SRP,LSP,ISP,DIP"
diff_eval,run_2,LSP_2,EASY,PYTHON,LSP,LSP,,True,True,1.0,1,41.38,True,15.0,309.0,76.0,5.0,True,"SRP,OCP,LSP,ISP,DIP"
diff_eval,run_2,LSP_3,EASY,KOTLIN,LSP,LSP,,True,True,1.0,1,51.35,True,23.0,384.0,87.0,3.0,True,"LSP,ISP,DIP"
diff_eval,run_2,LSP_4,EASY,C#,LSP,LSP,,True,True,1.0,1,54.9,True,31.0,473.0,98.0,4.0,True,"SRP,LSP,ISP,DIP"
diff_eval,run_2,LSP_5,MODERATE,JAVA,LSP,LSP,,True,True,1.0,1,88.54,True,92.0,2277.0,439.0,5.0,True,"SRP,OCP,LSP,ISP,DIP"
diff_eval,run_2,LSP_6,MODERATE,PYTHON,LSP,LSP,,True,True,1.0,1,93.84,True,67.0,1841.0,377.0,4.0,True,"SRP,OCP,LSP,ISP"
diff_eval,run_2,LSP_7,MODERATE,KOTLIN,LSP,DIP,,False,False,0.0,0,75.44,False,58.0,1632.0,344.0,3.0,False,"OCP,ISP,DIP"
diff_eval,run_2,LSP_8,MODERATE,C#,LSP,LSP,,True,True,1.0,1,95.38,True,93.0,2189.0,422.0,4.0,True,"SRP,LSP,ISP,DIP"
diff_eval,run_2,LSP_9,HARD,JAVA,LSP,LSP,,True,True,1.0,1,346.2,True,233.0,7879.0,1520.0,5.0,True,"SRP,OCP,LSP,ISP,DIP"
diff_eval,run_2,LSP_10,HARD,PYTHON,LSP,LSP,,True,True,1.0,1,274.19,True,230.0,7392.0,1436.0,5.0,True,"SRP,OCP,LSP,ISP,DIP"
diff_eval,run_2,LSP_11,HARD,KOTLIN,LSP,LSP,,True,True,1.0,1,217.36,True,176.0,5663.0,1116.0,5.0,True,"SRP,OCP,LSP,ISP,DIP"
diff_eval,run_2,LSP_12,HARD,C#,LSP,LSP,,True,True,1.0,1,260.7,True,253.0,7497.0,1397.0,4.0,True,"SRP,LSP,ISP,DIP"
diff_eval,run_2,LSP_13,EASY,JAVA,LSP,LSP,,True,True,1.0,1,49.59,True,22.0,679.0,124.0,3.0,True,"SRP,LSP,ISP"
diff_eval,run_2,LSP_14,EASY,PYTHON,LSP,SRP,,False,False,0.0,0,42.95,False,13.0,488.0,99.0,2.0,False,"SRP,OCP"
diff_eval,run_2,LSP_15,EASY,KOTLIN,LSP,LSP,,True,True,1.0,1,47.02,True,20.0,582.0,108.0,4.0,True,"SRP,OCP,LSP,ISP"
diff_eval,run_2,LSP_16,EASY,C#,LSP,LSP,,True,True,1.0,1,43.99,True,28.0,681.0,124.0,4.0,True,"SRP,OCP,LSP,ISP"
diff_eval,run_2,LSP_17,MODERATE,JAVA,LSP,LSP,,True,True,1.0,1,126.78,True,111.0,3277.0,542.0,4.0,True,"SRP,LSP,ISP,DIP"
diff_eval,run_2,LSP_18,MODERATE,PYTHON,LSP,SRP,,False,False,0.0,0,102.95,False,75.0,2418.0,422.0,5.0,True,"SRP,OCP,LSP,ISP,DIP"
diff_eval,run_2,LSP_19,MODERATE,KOTLIN,LSP,LSP,,True,True,1.0,1,91.47,True,64.0,2369.0,429.0,5.0,True,"SRP,OCP,LSP,ISP,DIP"
diff_eval,run_2,LSP_20,MODERATE,C#,LSP,LSP,,True,True,1.0,1,125.5,True,126.0,3434.0,551.0,4.0,True,"SRP,LSP,ISP,DIP"
diff_eval,run_2,LSP_21,HARD,JAVA,LSP,ISP,,False,False,0.0,0,228.04,False,226.0,8552.0,1432.0,5.0,True,"SRP,OCP,LSP,ISP,DIP"
diff_eval,run_2,LSP_22,HARD,PYTHON,LSP,LSP,,True,True,1.0,1,217.2,True,192.0,7006.0,1222.0,5.0,True,"SRP,OCP,LSP,ISP,DIP"
diff_eval,run_2,LSP_23,HARD,KOTLIN,LSP,ISP,,False,False,0.0,0,211.48,False,249.0,8058.0,1313.0,4.0,False,"SRP,OCP,ISP,DIP"
diff_eval,run_2,LSP_24,HARD,C#,LSP,LSP,,True,True,1.0,1,320.74,True,324.0,9455.0,1470.0,5.0,True,"SRP,OCP,LSP,ISP,DIP"
diff_eval,run_2,LSP_25,EASY,JAVA,LSP,DIP,,False,False,0.0,0,56.94,False,35.0,952.0,148.0,4.0,False,"SRP,OCP,ISP,DIP"
diff_eval,run_2,LSP_26,EASY,PYTHON,LSP,DIP,,False,False,0.0,0,44.37,False,24.0,762.0,153.0,4.0,False,"SRP,OCP,ISP,DIP"
diff_eval,run_2,LSP_27,EASY,KOTLIN,LSP,DIP,,False,False,0.0,0,59.69,False,30.0,890.0,144.0,3.0,False,"SRP,OCP,DIP"
diff_eval,run_2,LSP_28,EASY,C#,LSP,DIP,,False,False,0.0,0,62.87,False,42.0,1123.0,193.0,3.0,False,"SRP,OCP,DIP"
diff_eval,run_2,LSP_29,MODERATE,JAVA,LSP,DIP,,False,False,0.0,0,109.43,False,114.0,3897.0,783.0,4.0,False,"SRP,OCP,ISP,DIP"
diff_eval,run_2,LSP_30,MODERATE,PYTHON,LSP,LSP,,True,True,1.0,1,145.08,True,88.0,3657.0,722.0,4.0,True,"SRP,LSP,ISP,DIP"
diff_eval,run_2,LSP_31,MODERATE,KOTLIN,LSP,LSP,,True,True,1.0,1,142.67,True,94.0,3503.0,622.0,4.0,True,"SRP,LSP,ISP,DIP"
diff_eval,run_2,LSP_32,MODERATE,C#,LSP,DIP,,False,False,0.0,0,159.87,False,145.0,4433.0,776.0,5.0,True,"SRP,OCP,LSP,ISP,DIP"
diff_eval,run_2,LSP_33,HARD,JAVA,LSP,LSP,,True,True,1.0,1,708.56,True,277.0,9959.0,1726.0,5.0,True,"SRP,OCP,LSP,ISP,DIP"
diff_eval,run_2,LSP_34,HARD,PYTHON,LSP,LSP,,True,True,1.0,1,224.04,True,317.0,12199.0,1961.0,5.0,True,"SRP,OCP,LSP,ISP,DIP"
diff_eval,run_2,LSP_35,HARD,KOTLIN,LSP,LSP,,True,True,1.0,1,551.21,True,358.0,12785.0,2019.0,5.0,True,"SRP,OCP,LSP,ISP,DIP"
diff_eval,run_2,LSP_36,HARD,C#,LSP,LSP,,True,True,1.0,1,313.62,True,458.0,14758.0,2270.0,5.0,True,"SRP,OCP,LSP,ISP,DIP"
diff_eval,run_2,LSP_37,EASY,JAVA,LSP,LSP,,True,True,1.0,1,46.68,True,38.0,855.0,161.0,3.0,True,"SRP,LSP,ISP"
diff_eval,run_2,LSP_38,EASY,PYTHON,LSP,LSP,,True,True,1.0,1,50.45,True,33.0,740.0,149.0,3.0,True,"SRP,LSP,ISP"
diff_eval,run_2,LSP_39,EASY,KOTLIN,LSP,LSP,,True,True,1.0,1,42.59,True,24.0,577.0,116.0,3.0,True,"SRP,LSP,ISP"
diff_eval,run_2,LSP_40,EASY,C#,LSP,LSP,,True,True,1.0,1,55.98,True,42.0,864.0,159.0,2.0,True,"LSP,ISP"
diff_eval,run_2,LSP_41,MODERATE,JAVA,LSP,LSP,,True,True,1.0,1,94.38,True,91.0,2684.0,511.0,5.0,True,"SRP,OCP,LSP,ISP,DIP"
diff_eval,run_2,LSP_42,MODERATE,PYTHON,LSP,LSP,,True,True,1.0,1,89.52,True,82.0,2262.0,437.0,5.0,True,"SRP,OCP,LSP,ISP,DIP"
diff_eval,run_2,LSP_43,MODERATE,KOTLIN,LSP,LSP,,True,True,1.0,1,103.16,True,71.0,2017.0,369.0,5.0,True,"SRP,OCP,LSP,ISP,DIP"
diff_eval,run_2,LSP_44,MODERATE,C#,LSP,LSP,,True,True,1.0,1,118.91,True,112.0,2849.0,515.0,5.0,True,"SRP,OCP,LSP,ISP,DIP"
diff_eval,run_2,LSP_45,HARD,JAVA,LSP,LSP,,True,True,1.0,1,227.87,True,212.0,8668.0,1509.0,5.0,True,"SRP,OCP,LSP,ISP,DIP"
diff_eval,run_2,LSP_46,HARD,PYTHON,LSP,ISP,,False,False,0.0,0,196.72,False,164.0,6480.0,1225.0,5.0,True,"SRP,OCP,LSP,ISP,DIP"
diff_eval,run_2,LSP_47,HARD,KOTLIN,LSP,LSP,,True,True,1.0,1,199.49,True,202.0,6693.0,1137.0,5.0,True,"SRP,OCP,LSP,ISP,DIP"
diff_eval,run_2,LSP_48,HARD,C#,LSP,LSP,,True,True,1.0,1,255.73,True,272.0,8682.0,1487.0,5.0,True,"SRP,OCP,LSP,ISP,DIP"
diff_eval,run_2,ISP_1,EASY,CSHARP,ISP,ISP,,True,True,1.0,1,67.98,True,89.0,1737.0,335.0,2.0,True,"LSP,ISP"
diff_eval,run_2,ISP_2,EASY,CSHARP,ISP,LSP,,False,False,0.0,0,85.12,False,94.0,2055.0,397.0,4.0,True,"SRP,OCP,LSP,ISP"
diff_eval,run_2,ISP_3,EASY,CSHARP,ISP,ISP,,True,True,1.0,1,42.22,True,63.0,1140.0,225.0,2.0,True,"OCP,ISP"
diff_eval,run_2,ISP_4,EASY,CSHARP,ISP,LSP,,False,False,0.0,0,52.48,False,44.0,664.0,140.0,3.0,True,"SRP,LSP,ISP"
diff_eval,run_2,ISP_5,HARD,CSHARP,ISP,ISP,,True,True,1.0,1,212.15,True,511.0,11621.0,2179.0,4.0,True,"SRP,OCP,ISP,DIP"
diff_eval,run_2,ISP_6,HARD,CSHARP,ISP,ISP,,True,True,1.0,1,226.73,True,461.0,10993.0,2063.0,4.0,True,"SRP,OCP,ISP,DIP"
diff_eval,run_2,ISP_7,HARD,CSHARP,ISP,ISP,,True,True,1.0,1,170.95,True,660.0,17075.0,3079.0,3.0,True,"SRP,OCP,ISP"
diff_eval,run_2,ISP_8,HARD,CSHARP,ISP,ISP,,True,True,1.0,1,263.02,True,473.0,10539.0,1842.0,4.0,True,"SRP,OCP,ISP,DIP"
diff_eval,run_2,ISP_9,MODERATE,CSHARP,ISP,ISP,,True,True,1.0,1,152.72,True,287.0,6316.0,1191.0,3.0,True,"SRP,OCP,ISP"
diff_eval,run_2,ISP_10,MODERATE,CSHARP,ISP,ISP,,True,True,1.0,1,198.01,True,259.0,6299.0,1201.0,4.0,True,"SRP,OCP,LSP,ISP"
diff_eval,run_2,ISP_11,MODERATE,CSHARP,ISP,ISP,,True,True,1.0,1,79.69,True,149.0,2838.0,539.0,3.0,True,"SRP,OCP,ISP"
diff_eval,run_2,ISP_12,MODERATE,CSHARP,ISP,ISP,,True,True,1.0,1,158.32,True,291.0,5721.0,1030.0,4.0,True,"SRP,OCP,ISP,DIP"
diff_eval,run_2,ISP_13,EASY,JAVA,ISP,LSP,,False,False,0.0,0,94.23,False,77.0,1793.0,362.0,3.0,True,"LSP,ISP,DIP"
diff_eval,run_2,ISP_14,EASY,JAVA,ISP,ISP,,True,True,1.0,1,70.0,True,88.0,2183.0,430.0,3.0,True,"SRP,OCP,ISP"
diff_eval,run_2,ISP_15,EASY,JAVA,ISP,ISP,,True,True,1.0,1,44.38,True,48.0,1121.0,240.0,2.0,True,"OCP,ISP"
diff_eval,run_2,ISP_16,EASY,JAVA,ISP,ISP,,True,True,1.0,1,35.23,True,34.0,654.0,147.0,1.0,True,ISP
diff_eval,run_2,ISP_17,HARD,JAVA,ISP,ISP,,True,True,1.0,1,213.15,True,416.0,11445.0,2334.0,4.0,True,"SRP,OCP,ISP,DIP"
diff_eval,run_2,ISP_18,HARD,JAVA,ISP,ISP,,True,True,1.0,1,242.83,True,436.0,11756.0,2280.0,4.0,True,"SRP,OCP,ISP,DIP"
diff_eval,run_2,ISP_19,HARD,JAVA,ISP,ISP,,True,True,1.0,1,124.33,True,482.0,15667.0,3266.0,3.0,True,"SRP,OCP,ISP"
diff_eval,run_2,ISP_20,HARD,JAVA,ISP,SRP,,False,False,0.0,0,258.61,False,351.0,10063.0,1914.0,4.0,True,"SRP,OCP,ISP,DIP"
diff_eval,run_2,ISP_21,MODERATE,JAVA,ISP,ISP,,True,True,1.0,1,175.84,True,226.0,6148.0,1278.0,2.0,True,"ISP,DIP"
diff_eval,run_2,ISP_22,MODERATE,JAVA,ISP,ISP,,True,True,1.0,1,211.46,True,246.0,6487.0,1304.0,4.0,True,"SRP,OCP,LSP,ISP"
diff_eval,run_2,ISP_23,MODERATE,JAVA,ISP,ISP,,True,True,1.0,1,69.44,True,113.0,2744.0,578.0,2.0,True,"OCP,ISP"
diff_eval,run_2,ISP_24,MODERATE,JAVA,ISP,ISP,,True,True,1.0,1,129.35,True,220.0,5450.0,1074.0,4.0,True,"SRP,OCP,ISP,DIP"
diff_eval,run_2,ISP_25,EASY,KOTLIN,ISP,LSP,,False,False,0.0,0,76.27,False,57.0,1378.0,271.0,5.0,True,"SRP,OCP,LSP,ISP,DIP"
diff_eval,run_2,ISP_26,EASY,KOTLIN,ISP,LSP,,False,False,0.0,0,83.96,False,79.0,1898.0,342.0,3.0,True,"SRP,LSP,ISP"
diff_eval,run_2,ISP_27,EASY,KOTLIN,ISP,ISP,,True,True,1.0,1,54.27,True,47.0,988.0,192.0,2.0,True,"OCP,ISP"
diff_eval,run_2,ISP_28,EASY,KOTLIN,ISP,ISP,,True,True,1.0,1,43.73,True,34.0,571.0,117.0,2.0,True,"LSP,ISP"
diff_eval,run_2,ISP_29,HARD,KOTLIN,ISP,ISP,,True,True,1.0,1,264.25,True,331.0,9289.0,1790.0,5.0,True,"SRP,OCP,LSP,ISP,DIP"
diff_eval,run_2,ISP_30,HARD,KOTLIN,ISP,ISP,,True,True,1.0,1,179.1,True,371.0,9990.0,1827.0,3.0,True,"SRP,LSP,ISP"
diff_eval,run_2,ISP_31,HARD,KOTLIN,ISP,ISP,,True,True,1.0,1,266.96,True,482.0,13948.0,2576.0,5.0,True,"SRP,OCP,LSP,ISP,DIP"
diff_eval,run_2,ISP_32,HARD,KOTLIN,ISP,LSP,,False,False,0.0,0,274.38,False,310.0,8522.0,1485.0,5.0,True,"SRP,OCP,LSP,ISP,DIP"
diff_eval,run_2,ISP_33,MODERATE,KOTLIN,ISP,LSP,,False,False,0.0,0,187.47,False,189.0,5219.0,977.0,4.0,True,"SRP,OCP,LSP,ISP"
diff_eval,run_2,ISP_34,MODERATE,KOTLIN,ISP,LSP,,False,False,0.0,0,148.26,False,209.0,5799.0,1085.0,3.0,True,"SRP,LSP,ISP"
diff_eval,run_2,ISP_35,MODERATE,KOTLIN,ISP,ISP,,True,True,1.0,1,76.5,True,112.0,2448.0,462.0,3.0,True,"OCP,ISP,DIP"
diff_eval,run_2,ISP_36,MODERATE,KOTLIN,ISP,LSP,,False,False,0.0,0,144.05,False,166.0,4233.0,781.0,4.0,True,"OCP,LSP,ISP,DIP"
diff_eval,run_2,ISP_37,EASY,PYTHON,ISP,LSP,,False,False,0.0,0,71.82,False,60.0,1516.0,327.0,4.0,True,"SRP,OCP,LSP,ISP"
diff_eval,run_2,ISP_38,EASY,PYTHON,ISP,LSP,,False,False,0.0,0,90.7,False,81.0,2099.0,413.0,4.0,True,"SRP,OCP,LSP,ISP"
diff_eval,run_2,ISP_39,EASY,PYTHON,ISP,ISP,,True,True,1.0,1,54.88,True,44.0,1045.0,206.0,3.0,True,"SRP,OCP,ISP"
diff_eval,run_2,ISP_40,EASY,PYTHON,ISP,ISP,,True,True,1.0,1,48.56,True,34.0,629.0,134.0,3.0,True,"SRP,LSP,ISP"
diff_eval,run_2,ISP_41,HARD,PYTHON,ISP,LSP,,False,False,0.0,0,216.78,False,328.0,9475.0,1983.0,5.0,True,"SRP,OCP,LSP,ISP,DIP"
diff_eval,run_2,ISP_42,HARD,PYTHON,ISP,ISP,,True,True,1.0,1,272.89,True,357.0,10176.0,1938.0,4.0,True,"SRP,OCP,LSP,ISP"
diff_eval,run_2,ISP_43,HARD,PYTHON,ISP,ISP,,True,True,1.0,1,134.57,True,425.0,13827.0,2633.0,4.0,True,"SRP,OCP,LSP,ISP"
diff_eval,run_2,ISP_44,HARD,PYTHON,ISP,LSP,,False,False,0.0,0,275.75,False,295.0,8947.0,1624.0,5.0,True,"SRP,OCP,LSP,ISP,DIP"
diff_eval,run_2,ISP_45,MODERATE,PYTHON,ISP,SRP,,False,False,0.0,0,203.3,False,178.0,5209.0,1105.0,4.0,True,"SRP,LSP,ISP,DIP"
diff_eval,run_2,ISP_46,MODERATE,PYTHON,ISP,ISP,,True,True,1.0,1,183.16,True,202.0,5849.0,1163.0,3.0,True,"SRP,LSP,ISP"
diff_eval,run_2,ISP_47,MODERATE,PYTHON,ISP,ISP,,True,True,1.0,1,81.29,True,108.0,2625.0,505.0,3.0,True,"OCP,LSP,ISP"
diff_eval,run_2,ISP_48,MODERATE,PYTHON,ISP,LSP,,False,False,0.0,0,162.42,False,177.0,4573.0,909.0,5.0,True,"SRP,OCP,LSP,ISP,DIP"
diff_eval,run_2,DIP_1,EASY,JAVA,DIP,DIP,,True,True,1.0,1,44.19,True,23.0,593.0,121.0,4.0,True,"SRP,OCP,ISP,DIP"
diff_eval,run_2,DIP_2,EASY,PYTHON,DIP,DIP,,True,True,1.0,1,39.06,True,15.0,441.0,100.0,4.0,True,"SRP,OCP,ISP,DIP"
diff_eval,run_2,DIP_3,EASY,KOTLIN,DIP,DIP,,True,True,1.0,1,44.16,True,19.0,441.0,90.0,4.0,True,"SRP,OCP,ISP,DIP"
diff_eval,run_2,DIP_4,EASY,C#,DIP,DIP,,True,True,1.0,1,41.5,True,29.0,591.0,114.0,4.0,True,"SRP,OCP,ISP,DIP"
diff_eval,run_2,DIP_5,MODERATE,JAVA,DIP,DIP,,True,True,1.0,1,71.35,True,77.0,2288.0,427.0,4.0,True,"SRP,OCP,ISP,DIP"
diff_eval,run_2,DIP_6,MODERATE,PYTHON,DIP,DIP,,True,True,1.0,1,60.22,True,54.0,1844.0,361.0,4.0,True,"SRP,OCP,ISP,DIP"
diff_eval,run_2,DIP_7,MODERATE,KOTLIN,DIP,DIP,,True,True,1.0,1,78.87,True,65.0,1828.0,337.0,4.0,True,"SRP,OCP,ISP,DIP"
diff_eval,run_2,DIP_8,MODERATE,C#,DIP,DIP,,True,True,1.0,1,67.84,True,94.0,2405.0,429.0,4.0,True,"SRP,OCP,ISP,DIP"
diff_eval,run_2,DIP_9,HARD,JAVA,DIP,DIP,,True,True,1.0,1,171.02,True,229.0,8620.0,1493.0,4.0,True,"SRP,OCP,ISP,DIP"
diff_eval,run_2,DIP_10,HARD,PYTHON,DIP,DIP,,True,True,1.0,1,162.52,True,167.0,6938.0,1281.0,4.0,True,"SRP,OCP,ISP,DIP"
diff_eval,run_2,DIP_11,HARD,KOTLIN,DIP,DIP,,True,True,1.0,1,140.62,True,191.0,6234.0,1071.0,4.0,True,"SRP,OCP,ISP,DIP"
diff_eval,run_2,DIP_12,HARD,C#,DIP,DIP,,True,True,1.0,1,172.82,True,267.0,8372.0,1398.0,4.0,True,"SRP,OCP,ISP,DIP"
diff_eval,run_2,DIP_13,EASY,JAVA,DIP,DIP,,True,True,1.0,1,42.81,True,18.0,465.0,77.0,3.0,True,"SRP,OCP,DIP"
diff_eval,run_2,DIP_14,EASY,PYTHON,DIP,DIP,,True,True,1.0,1,40.66,True,11.0,331.0,59.0,3.0,True,"SRP,OCP,DIP"
diff_eval,run_2,DIP_15,EASY,KOTLIN,DIP,DIP,,True,True,1.0,1,40.69,True,14.0,344.0,59.0,2.0,True,"OCP,DIP"
diff_eval,run_2,DIP_16,EASY,C#,DIP,DIP,,True,True,1.0,1,41.86,True,23.0,463.0,72.0,3.0,True,"SRP,OCP,DIP"
diff_eval,run_2,DIP_17,MODERATE,JAVA,DIP,OCP,,False,False,0.0,0,73.28,False,56.0,1872.0,363.0,4.0,True,"SRP,OCP,ISP,DIP"
diff_eval,run_2,DIP_18,MODERATE,PYTHON,DIP,DIP,,True,True,1.0,1,60.76,True,41.0,1407.0,285.0,4.0,True,"SRP,OCP,ISP,DIP"
diff_eval,run_2,DIP_19,MODERATE,KOTLIN,DIP,DIP,,True,True,1.0,1,70.57,True,53.0,1600.0,289.0,4.0,True,"SRP,OCP,ISP,DIP"
diff_eval,run_2,DIP_20,MODERATE,C#,DIP,OCP,,False,False,0.0,0,70.84,False,76.0,1950.0,346.0,4.0,True,"SRP,OCP,ISP,DIP"
diff_eval,run_2,DIP_21,HARD,JAVA,DIP,DIP,,True,True,1.0,1,196.55,True,207.0,8107.0,1494.0,4.0,True,"SRP,OCP,ISP,DIP"
diff_eval,run_2,DIP_22,HARD,PYTHON,DIP,OCP,,False,False,0.0,0,187.8,False,145.0,6645.0,1326.0,4.0,True,"SRP,OCP,ISP,DIP"
diff_eval,run_2,DIP_23,HARD,KOTLIN,DIP,DIP,,True,True,1.0,1,174.38,True,155.0,6261.0,1145.0,4.0,True,"SRP,OCP,ISP,DIP"
diff_eval,run_2,DIP_24,HARD,C#,DIP,DIP,,True,True,1.0,1,155.9,True,235.0,8702.0,1381.0,3.0,True,"SRP,OCP,DIP"
diff_eval,run_2,DIP_25,EASY,JAVA,DIP,SRP,,False,False,0.0,0,55.77,False,22.0,583.0,111.0,4.0,True,"SRP,OCP,ISP,DIP"
diff_eval,run_2,DIP_26,EASY,PYTHON,DIP,SRP,,False,False,0.0,0,36.1,False,18.0,496.0,86.0,3.0,False,"SRP,OCP,ISP"
diff_eval,run_2,DIP_27,EASY,KOTLIN,DIP,DIP,,True,True,1.0,1,42.66,True,22.0,531.0,98.0,4.0,True,"SRP,OCP,ISP,DIP"
diff_eval,run_2,DIP_28,EASY,C#,DIP,DIP,,True,True,1.0,1,48.28,True,31.0,595.0,91.0,4.0,True,"SRP,OCP,ISP,DIP"
diff_eval,run_2,DIP_29,MODERATE,JAVA,DIP,DIP,,True,True,1.0,1,78.24,True,72.0,2198.0,409.0,4.0,True,"SRP,OCP,ISP,DIP"
diff_eval,run_2,DIP_30,MODERATE,PYTHON,DIP,DIP,,True,True,1.0,1,67.54,True,58.0,1890.0,334.0,4.0,True,"SRP,OCP,ISP,DIP"
diff_eval,run_2,DIP_31,MODERATE,KOTLIN,DIP,DIP,,True,True,1.0,1,71.79,True,63.0,1838.0,353.0,4.0,True,"SRP,OCP,ISP,DIP"
diff_eval,run_2,DIP_32,MODERATE,C#,DIP,DIP,,True,True,1.0,1,74.67,True,91.0,2078.0,332.0,4.0,True,"SRP,OCP,ISP,DIP"
diff_eval,run_2,DIP_33,HARD,JAVA,DIP,SRP,,False,False,0.0,0,144.4,False,164.0,6576.0,1156.0,4.0,True,"SRP,OCP,ISP,DIP"
diff_eval,run_2,DIP_34,HARD,PYTHON,DIP,SRP,,False,False,0.0,0,157.23,False,152.0,6056.0,1102.0,4.0,True,"SRP,OCP,ISP,DIP"
diff_eval,run_2,DIP_35,HARD,KOTLIN,DIP,DIP,,True,True,1.0,1,193.85,True,244.0,8715.0,1532.0,4.0,True,"SRP,OCP,ISP,DIP"
diff_eval,run_2,DIP_36,HARD,C#,DIP,SRP,,False,False,0.0,0,224.95,False,305.0,10242.0,1817.0,4.0,True,"SRP,OCP,ISP,DIP"
diff_eval,run_2,DIP_37,EASY,JAVA,DIP,DIP,,True,True,1.0,1,36.79,True,17.0,479.0,85.0,3.0,True,"OCP,ISP,DIP"
diff_eval,run_2,DIP_38,EASY,PYTHON,DIP,DIP,,True,True,1.0,1,39.27,True,10.0,344.0,67.0,2.0,True,"OCP,DIP"
diff_eval,run_2,DIP_39,EASY,KOTLIN,DIP,DIP,,True,True,1.0,1,39.65,True,13.0,348.0,64.0,2.0,True,"OCP,DIP"
diff_eval,run_2,DIP_40,EASY,C#,DIP,DIP,,True,True,1.0,1,42.43,True,22.0,479.0,81.0,2.0,True,"OCP,DIP"
diff_eval,run_2,DIP_41,MODERATE,JAVA,DIP,DIP,,True,True,1.0,1,69.86,True,62.0,2021.0,336.0,4.0,True,"SRP,OCP,ISP,DIP"
diff_eval,run_2,DIP_42,MODERATE,PYTHON,DIP,DIP,,True,True,1.0,1,64.84,True,40.0,1586.0,277.0,4.0,True,"SRP,OCP,ISP,DIP"
diff_eval,run_2,DIP_43,MODERATE,KOTLIN,DIP,DIP,,True,True,1.0,1,67.04,True,46.0,1576.0,275.0,4.0,True,"SRP,OCP,ISP,DIP"
diff_eval,run_2,DIP_44,MODERATE,C#,DIP,DIP,,True,True,1.0,1,71.02,True,77.0,2059.0,330.0,4.0,True,"SRP,OCP,ISP,DIP"
diff_eval,run_2,DIP_45,HARD,JAVA,DIP,DIP,,True,True,1.0,1,150.45,True,138.0,5087.0,945.0,4.0,True,"SRP,OCP,ISP,DIP"
diff_eval,run_2,DIP_46,HARD,PYTHON,DIP,DIP,,True,True,1.0,1,138.08,True,106.0,4499.0,850.0,4.0,True,"SRP,OCP,ISP,DIP"
diff_eval,run_2,DIP_47,HARD,KOTLIN,DIP,DIP,,True,True,1.0,1,139.63,True,127.0,4464.0,805.0,4.0,True,"SRP,OCP,ISP,DIP"
diff_eval,run_2,DIP_48,HARD,C#,DIP,DIP,,True,True,1.0,1,148.1,True,170.0,5347.0,962.0,4.0,True,"SRP,OCP,ISP,DIP"
